Area name;Specimen date;Daily lab-confirmed cases;Cumulative lab-confirmed cases;Cumulative lab-confirmed cases rate;geo_shape;geo_point_2d
England;2021-06-28;22838;4171798;7411.7;"{""coordinates"": [-1.647762, 52.438655], ""type"": ""Point""}";52.438655, -1.647762
England;2021-07-01;23555;4241368;7535.3;"{""coordinates"": [-1.647762, 52.438655], ""type"": ""Point""}";52.438655, -1.647762
England;2020-10-27;20491;829352;1473.4;"{""coordinates"": [-1.647762, 52.438655], ""type"": ""Point""}";52.438655, -1.647762
England;2020-11-29;8910;1415124;2514.1;"{""coordinates"": [-1.647762, 52.438655], ""type"": ""Point""}";52.438655, -1.647762
England;2020-11-11;24641;1141315;2027.7;"{""coordinates"": [-1.647762, 52.438655], ""type"": ""Point""}";52.438655, -1.647762
England;2020-11-03;22307;967151;1718.3;"{""coordinates"": [-1.647762, 52.438655], ""type"": ""Point""}";52.438655, -1.647762
England;2020-10-12;16193;570896;1014.3;"{""coordinates"": [-1.647762, 52.438655], ""type"": ""Point""}";52.438655, -1.647762
England;2020-10-06;14291;491427;873.1;"{""coordinates"": [-1.647762, 52.438655], ""type"": ""Point""}";52.438655, -1.647762
England;2021-02-01;20107;3391600;6025.6;"{""coordinates"": [-1.647762, 52.438655], ""type"": ""Point""}";52.438655, -1.647762
England;2021-01-31;13707;3371493;5989.8;"{""coordinates"": [-1.647762, 52.438655], ""type"": ""Point""}";52.438655, -1.647762
England;2021-01-26;24435;3278023;5823.8;"{""coordinates"": [-1.647762, 52.438655], ""type"": ""Point""}";52.438655, -1.647762
England;2020-10-18;11856;656779;1166.8;"{""coordinates"": [-1.647762, 52.438655], ""type"": ""Point""}";52.438655, -1.647762
England;2020-11-19;15507;1292952;2297.1;"{""coordinates"": [-1.647762, 52.438655], ""type"": ""Point""}";52.438655, -1.647762
England;2020-07-20;753;255258;453.5;"{""coordinates"": [-1.647762, 52.438655], ""type"": ""Point""}";52.438655, -1.647762
England;2020-07-01;616;244471;434.3;"{""coordinates"": [-1.647762, 52.438655], ""type"": ""Point""}";52.438655, -1.647762
England;2020-06-20;629;237599;422.1;"{""coordinates"": [-1.647762, 52.438655], ""type"": ""Point""}";52.438655, -1.647762
England;2020-06-12;940;230840;410.1;"{""coordinates"": [-1.647762, 52.438655], ""type"": ""Point""}";52.438655, -1.647762
England;2020-08-09;557;270035;479.7;"{""coordinates"": [-1.647762, 52.438655], ""type"": ""Point""}";52.438655, -1.647762
England;2020-08-03;938;265138;471.0;"{""coordinates"": [-1.647762, 52.438655], ""type"": ""Point""}";52.438655, -1.647762
England;2020-07-29;971;261711;465.0;"{""coordinates"": [-1.647762, 52.438655], ""type"": ""Point""}";52.438655, -1.647762
England;2020-06-21;550;238149;423.1;"{""coordinates"": [-1.647762, 52.438655], ""type"": ""Point""}";52.438655, -1.647762
England;2020-07-11;421;250023;444.2;"{""coordinates"": [-1.647762, 52.438655], ""type"": ""Point""}";52.438655, -1.647762
England;2020-11-15;14215;1215170;2158.9;"{""coordinates"": [-1.647762, 52.438655], ""type"": ""Point""}";52.438655, -1.647762
England;2020-09-18;4272;344122;611.4;"{""coordinates"": [-1.647762, 52.438655], ""type"": ""Point""}";52.438655, -1.647762
England;2020-09-16;3742;335917;596.8;"{""coordinates"": [-1.647762, 52.438655], ""type"": ""Point""}";52.438655, -1.647762
England;2020-09-05;2188;304997;541.9;"{""coordinates"": [-1.647762, 52.438655], ""type"": ""Point""}";52.438655, -1.647762
England;2020-08-29;1042;290769;516.6;"{""coordinates"": [-1.647762, 52.438655], ""type"": ""Point""}";52.438655, -1.647762
England;2020-08-27;1324;288343;512.3;"{""coordinates"": [-1.647762, 52.438655], ""type"": ""Point""}";52.438655, -1.647762
England;2020-08-22;714;282994;502.8;"{""coordinates"": [-1.647762, 52.438655], ""type"": ""Point""}";52.438655, -1.647762
England;2020-10-02;11577;443564;788.0;"{""coordinates"": [-1.647762, 52.438655], ""type"": ""Point""}";52.438655, -1.647762
England;2020-08-15;643;276392;491.0;"{""coordinates"": [-1.647762, 52.438655], ""type"": ""Point""}";52.438655, -1.647762
England;2020-08-17;1138;278059;494.0;"{""coordinates"": [-1.647762, 52.438655], ""type"": ""Point""}";52.438655, -1.647762
England;2020-12-07;17395;1520949;2702.1;"{""coordinates"": [-1.647762, 52.438655], ""type"": ""Point""}";52.438655, -1.647762
England;2020-06-07;663;225867;401.3;"{""coordinates"": [-1.647762, 52.438655], ""type"": ""Point""}";52.438655, -1.647762
England;2020-06-06;724;225204;400.1;"{""coordinates"": [-1.647762, 52.438655], ""type"": ""Point""}";52.438655, -1.647762
England;2020-05-11;3055;181858;323.1;"{""coordinates"": [-1.647762, 52.438655], ""type"": ""Point""}";52.438655, -1.647762
England;2020-04-13;3430;81723;145.2;"{""coordinates"": [-1.647762, 52.438655], ""type"": ""Point""}";52.438655, -1.647762
England;2020-04-08;4286;64650;114.9;"{""coordinates"": [-1.647762, 52.438655], ""type"": ""Point""}";52.438655, -1.647762
England;2020-03-18;907;4785;8.5;"{""coordinates"": [-1.647762, 52.438655], ""type"": ""Point""}";52.438655, -1.647762
England;2020-02-13;0;9;;"{""coordinates"": [-1.647762, 52.438655], ""type"": ""Point""}";52.438655, -1.647762
England;2020-02-02;0;2;;"{""coordinates"": [-1.647762, 52.438655], ""type"": ""Point""}";52.438655, -1.647762
England;2020-01-31;0;2;;"{""coordinates"": [-1.647762, 52.438655], ""type"": ""Point""}";52.438655, -1.647762
England;2021-01-25;27103;3253588;5780.4;"{""coordinates"": [-1.647762, 52.438655], ""type"": ""Point""}";52.438655, -1.647762
England;2021-01-17;26207;3027048;5377.9;"{""coordinates"": [-1.647762, 52.438655], ""type"": ""Point""}";52.438655, -1.647762
England;2021-01-04;69110;2493253;4429.5;"{""coordinates"": [-1.647762, 52.438655], ""type"": ""Point""}";52.438655, -1.647762
England;2021-04-14;2030;3831290;6806.7;"{""coordinates"": [-1.647762, 52.438655], ""type"": ""Point""}";52.438655, -1.647762
England;2021-04-05;2193;3810770;6770.3;"{""coordinates"": [-1.647762, 52.438655], ""type"": ""Point""}";52.438655, -1.647762
England;2021-03-12;4610;3722184;6612.9;"{""coordinates"": [-1.647762, 52.438655], ""type"": ""Point""}";52.438655, -1.647762
England;2021-03-08;5567;3702675;6578.2;"{""coordinates"": [-1.647762, 52.438655], ""type"": ""Point""}";52.438655, -1.647762
England;2021-02-21;6797;3618258;6428.2;"{""coordinates"": [-1.647762, 52.438655], ""type"": ""Point""}";52.438655, -1.647762
England;2021-02-14;7531;3552485;6311.4;"{""coordinates"": [-1.647762, 52.438655], ""type"": ""Point""}";52.438655, -1.647762
England;2021-03-06;3698;3693579;6562.1;"{""coordinates"": [-1.647762, 52.438655], ""type"": ""Point""}";52.438655, -1.647762
England;2020-12-12;16035;1609535;2859.5;"{""coordinates"": [-1.647762, 52.438655], ""type"": ""Point""}";52.438655, -1.647762
England;2020-12-11;19877;1593500;2831.0;"{""coordinates"": [-1.647762, 52.438655], ""type"": ""Point""}";52.438655, -1.647762
England;2020-12-20;28940;1828504;3248.5;"{""coordinates"": [-1.647762, 52.438655], ""type"": ""Point""}";52.438655, -1.647762
England;2021-05-04;2240;3868851;6873.4;"{""coordinates"": [-1.647762, 52.438655], ""type"": ""Point""}";52.438655, -1.647762
England;2021-06-20;7995;4051489;7197.9;"{""coordinates"": [-1.647762, 52.438655], ""type"": ""Point""}";52.438655, -1.647762
England;2021-04-22;1995;3847426;6835.4;"{""coordinates"": [-1.647762, 52.438655], ""type"": ""Point""}";52.438655, -1.647762
England;2021-04-20;2034;3843164;6827.8;"{""coordinates"": [-1.647762, 52.438655], ""type"": ""Point""}";52.438655, -1.647762
England;2021-04-19;2367;3841130;6824.2;"{""coordinates"": [-1.647762, 52.438655], ""type"": ""Point""}";52.438655, -1.647762
England;2021-04-17;1357;3836454;6815.9;"{""coordinates"": [-1.647762, 52.438655], ""type"": ""Point""}";52.438655, -1.647762
England;2021-04-15;1923;3833213;6810.1;"{""coordinates"": [-1.647762, 52.438655], ""type"": ""Point""}";52.438655, -1.647762
England;2021-04-03;1994;3806654;6762.9;"{""coordinates"": [-1.647762, 52.438655], ""type"": ""Point""}";52.438655, -1.647762
England;2021-03-29;3187;3793622;6739.8;"{""coordinates"": [-1.647762, 52.438655], ""type"": ""Point""}";52.438655, -1.647762
England;2021-03-25;4441;3779800;6715.2;"{""coordinates"": [-1.647762, 52.438655], ""type"": ""Point""}";52.438655, -1.647762
England;2021-02-24;7290;3643541;6473.2;"{""coordinates"": [-1.647762, 52.438655], ""type"": ""Point""}";52.438655, -1.647762
England;2020-08-20;1219;281274;499.7;"{""coordinates"": [-1.647762, 52.438655], ""type"": ""Point""}";52.438655, -1.647762
England;2020-08-12;1095;273691;486.2;"{""coordinates"": [-1.647762, 52.438655], ""type"": ""Point""}";52.438655, -1.647762
England;2020-08-16;529;276921;492.0;"{""coordinates"": [-1.647762, 52.438655], ""type"": ""Point""}";52.438655, -1.647762
England;2020-08-08;636;269478;478.8;"{""coordinates"": [-1.647762, 52.438655], ""type"": ""Point""}";52.438655, -1.647762
England;2020-07-25;492;258637;459.5;"{""coordinates"": [-1.647762, 52.438655], ""type"": ""Point""}";52.438655, -1.647762
England;2020-07-14;650;251714;447.2;"{""coordinates"": [-1.647762, 52.438655], ""type"": ""Point""}";52.438655, -1.647762
England;2020-07-12;352;250375;444.8;"{""coordinates"": [-1.647762, 52.438655], ""type"": ""Point""}";52.438655, -1.647762
England;2020-06-18;942;236154;419.6;"{""coordinates"": [-1.647762, 52.438655], ""type"": ""Point""}";52.438655, -1.647762
England;2020-06-17;909;235212;417.9;"{""coordinates"": [-1.647762, 52.438655], ""type"": ""Point""}";52.438655, -1.647762
England;2020-09-01;1929;294935;524.0;"{""coordinates"": [-1.647762, 52.438655], ""type"": ""Point""}";52.438655, -1.647762
England;2020-08-31;1260;293006;520.6;"{""coordinates"": [-1.647762, 52.438655], ""type"": ""Point""}";52.438655, -1.647762
England;2020-09-25;6036;381185;677.2;"{""coordinates"": [-1.647762, 52.438655], ""type"": ""Point""}";52.438655, -1.647762
England;2020-09-23;5885;368858;655.3;"{""coordinates"": [-1.647762, 52.438655], ""type"": ""Point""}";52.438655, -1.647762
England;2020-09-21;4696;357617;635.3;"{""coordinates"": [-1.647762, 52.438655], ""type"": ""Point""}";52.438655, -1.647762
England;2020-09-12;2209;324530;576.6;"{""coordinates"": [-1.647762, 52.438655], ""type"": ""Point""}";52.438655, -1.647762
England;2020-09-06;2058;307055;545.5;"{""coordinates"": [-1.647762, 52.438655], ""type"": ""Point""}";52.438655, -1.647762
England;2020-08-23;696;283690;504.0;"{""coordinates"": [-1.647762, 52.438655], ""type"": ""Point""}";52.438655, -1.647762
England;2020-08-24;1132;284822;506.0;"{""coordinates"": [-1.647762, 52.438655], ""type"": ""Point""}";52.438655, -1.647762
England;2020-06-01;1312;219730;390.4;"{""coordinates"": [-1.647762, 52.438655], ""type"": ""Point""}";52.438655, -1.647762
England;2020-04-29;4726;146186;259.7;"{""coordinates"": [-1.647762, 52.438655], ""type"": ""Point""}";52.438655, -1.647762
England;2020-05-12;2921;184779;328.3;"{""coordinates"": [-1.647762, 52.438655], ""type"": ""Point""}";52.438655, -1.647762
England;2020-05-10;2003;178803;317.7;"{""coordinates"": [-1.647762, 52.438655], ""type"": ""Point""}";52.438655, -1.647762
England;2020-04-14;3540;85263;151.5;"{""coordinates"": [-1.647762, 52.438655], ""type"": ""Point""}";52.438655, -1.647762
England;2020-04-01;4123;36823;65.4;"{""coordinates"": [-1.647762, 52.438655], ""type"": ""Point""}";52.438655, -1.647762
England;2020-04-02;4066;40889;72.6;"{""coordinates"": [-1.647762, 52.438655], ""type"": ""Point""}";52.438655, -1.647762
England;2020-05-02;2739;157316;279.5;"{""coordinates"": [-1.647762, 52.438655], ""type"": ""Point""}";52.438655, -1.647762
England;2020-03-31;3784;32700;58.1;"{""coordinates"": [-1.647762, 52.438655], ""type"": ""Point""}";52.438655, -1.647762
England;2020-12-14;29517;1657178;2944.2;"{""coordinates"": [-1.647762, 52.438655], ""type"": ""Point""}";52.438655, -1.647762
England;2020-12-13;18126;1627661;2891.7;"{""coordinates"": [-1.647762, 52.438655], ""type"": ""Point""}";52.438655, -1.647762
England;2020-12-23;37623;1949619;3463.7;"{""coordinates"": [-1.647762, 52.438655], ""type"": ""Point""}";52.438655, -1.647762
England;2020-12-26;36702;2027695;3602.4;"{""coordinates"": [-1.647762, 52.438655], ""type"": ""Point""}";52.438655, -1.647762
England;2020-12-18;31832;1777827;3158.5;"{""coordinates"": [-1.647762, 52.438655], ""type"": ""Point""}";52.438655, -1.647762
England;2021-02-09;12242;3503589;6224.5;"{""coordinates"": [-1.647762, 52.438655], ""type"": ""Point""}";52.438655, -1.647762
England;2021-02-06;10582;3467375;6160.2;"{""coordinates"": [-1.647762, 52.438655], ""type"": ""Point""}";52.438655, -1.647762
England;2021-01-28;21844;3323104;5903.9;"{""coordinates"": [-1.647762, 52.438655], ""type"": ""Point""}";52.438655, -1.647762
England;2021-01-16;27656;3000841;5331.3;"{""coordinates"": [-1.647762, 52.438655], ""type"": ""Point""}";52.438655, -1.647762
England;2021-02-10;11838;3515427;6245.5;"{""coordinates"": [-1.647762, 52.438655], ""type"": ""Point""}";52.438655, -1.647762
England;2020-11-30;15026;1430150;2540.8;"{""coordinates"": [-1.647762, 52.438655], ""type"": ""Point""}";52.438655, -1.647762
England;2020-11-24;14026;1358524;2413.6;"{""coordinates"": [-1.647762, 52.438655], ""type"": ""Point""}";52.438655, -1.647762
England;2020-11-22;10037;1328289;2359.9;"{""coordinates"": [-1.647762, 52.438655], ""type"": ""Point""}";52.438655, -1.647762
England;2020-11-06;20821;1029538;1829.1;"{""coordinates"": [-1.647762, 52.438655], ""type"": ""Point""}";52.438655, -1.647762
England;2020-12-03;12531;1469665;2611.0;"{""coordinates"": [-1.647762, 52.438655], ""type"": ""Point""}";52.438655, -1.647762
England;2020-10-30;19647;889207;1579.8;"{""coordinates"": [-1.647762, 52.438655], ""type"": ""Point""}";52.438655, -1.647762
England;2020-10-07;15194;506621;900.1;"{""coordinates"": [-1.647762, 52.438655], ""type"": ""Point""}";52.438655, -1.647762
England;2020-10-24;13517;772945;1373.2;"{""coordinates"": [-1.647762, 52.438655], ""type"": ""Point""}";52.438655, -1.647762
England;2020-11-13;21647;1184914;2105.1;"{""coordinates"": [-1.647762, 52.438655], ""type"": ""Point""}";52.438655, -1.647762
England;2020-03-08;50;429;0.8;"{""coordinates"": [-1.647762, 52.438655], ""type"": ""Point""}";52.438655, -1.647762
England;2020-03-02;38;103;0.2;"{""coordinates"": [-1.647762, 52.438655], ""type"": ""Point""}";52.438655, -1.647762
England;2020-02-26;4;22;;"{""coordinates"": [-1.647762, 52.438655], ""type"": ""Point""}";52.438655, -1.647762
England;2020-02-16;0;9;;"{""coordinates"": [-1.647762, 52.438655], ""type"": ""Point""}";52.438655, -1.647762
England;2020-02-09;1;8;;"{""coordinates"": [-1.647762, 52.438655], ""type"": ""Point""}";52.438655, -1.647762
England;2021-04-23;1659;3849085;6838.3;"{""coordinates"": [-1.647762, 52.438655], ""type"": ""Point""}";52.438655, -1.647762
England;2021-05-25;2667;3904205;6936.3;"{""coordinates"": [-1.647762, 52.438655], ""type"": ""Point""}";52.438655, -1.647762
England;2021-05-31;3054;3921030;6966.1;"{""coordinates"": [-1.647762, 52.438655], ""type"": ""Point""}";52.438655, -1.647762
England;2021-06-05;3849;3943819;7006.6;"{""coordinates"": [-1.647762, 52.438655], ""type"": ""Point""}";52.438655, -1.647762
England;2021-06-06;4601;3948418;7014.8;"{""coordinates"": [-1.647762, 52.438655], ""type"": ""Point""}";52.438655, -1.647762
England;2021-06-07;6564;3954988;7026.5;"{""coordinates"": [-1.647762, 52.438655], ""type"": ""Point""}";52.438655, -1.647762
England;2021-06-04;4734;3939970;6999.8;"{""coordinates"": [-1.647762, 52.438655], ""type"": ""Point""}";52.438655, -1.647762
England;2021-05-30;2527;3917969;6960.7;"{""coordinates"": [-1.647762, 52.438655], ""type"": ""Point""}";52.438655, -1.647762
England;2021-06-01;4318;3925368;6973.8;"{""coordinates"": [-1.647762, 52.438655], ""type"": ""Point""}";52.438655, -1.647762
England;2021-05-19;2164;3891859;6914.3;"{""coordinates"": [-1.647762, 52.438655], ""type"": ""Point""}";52.438655, -1.647762
England;2021-05-05;2175;3871027;6877.3;"{""coordinates"": [-1.647762, 52.438655], ""type"": ""Point""}";52.438655, -1.647762
England;2021-05-24;2596;3901526;6931.5;"{""coordinates"": [-1.647762, 52.438655], ""type"": ""Point""}";52.438655, -1.647762
England;2021-05-23;1827;3898930;6926.9;"{""coordinates"": [-1.647762, 52.438655], ""type"": ""Point""}";52.438655, -1.647762
England;2021-05-26;3057;3907271;6941.7;"{""coordinates"": [-1.647762, 52.438655], ""type"": ""Point""}";52.438655, -1.647762
England;2021-06-12;5243;3986255;7082.0;"{""coordinates"": [-1.647762, 52.438655], ""type"": ""Point""}";52.438655, -1.647762
England;2021-06-21;12382;4063871;7219.9;"{""coordinates"": [-1.647762, 52.438655], ""type"": ""Point""}";52.438655, -1.647762
England;2021-06-25;14487;4120721;7320.9;"{""coordinates"": [-1.647762, 52.438655], ""type"": ""Point""}";52.438655, -1.647762
England;2021-06-30;23362;4217813;7493.4;"{""coordinates"": [-1.647762, 52.438655], ""type"": ""Point""}";52.438655, -1.647762
England;2021-04-02;2125;3804660;6759.4;"{""coordinates"": [-1.647762, 52.438655], ""type"": ""Point""}";52.438655, -1.647762
England;2021-04-01;2864;3802535;6755.6;"{""coordinates"": [-1.647762, 52.438655], ""type"": ""Point""}";52.438655, -1.647762
England;2021-03-09;5211;3707886;6587.5;"{""coordinates"": [-1.647762, 52.438655], ""type"": ""Point""}";52.438655, -1.647762
England;2021-02-08;13838;3491347;6202.8;"{""coordinates"": [-1.647762, 52.438655], ""type"": ""Point""}";52.438655, -1.647762
England;2021-02-03;17410;3426666;6087.9;"{""coordinates"": [-1.647762, 52.438655], ""type"": ""Point""}";52.438655, -1.647762
England;2021-01-27;23237;3301260;5865.1;"{""coordinates"": [-1.647762, 52.438655], ""type"": ""Point""}";52.438655, -1.647762
England;2021-01-23;19874;3211030;5704.7;"{""coordinates"": [-1.647762, 52.438655], ""type"": ""Point""}";52.438655, -1.647762
England;2021-03-21;4516;3760781;6681.4;"{""coordinates"": [-1.647762, 52.438655], ""type"": ""Point""}";52.438655, -1.647762
England;2021-03-11;4685;3717574;6604.7;"{""coordinates"": [-1.647762, 52.438655], ""type"": ""Point""}";52.438655, -1.647762
England;2021-03-01;5894;3669766;6519.7;"{""coordinates"": [-1.647762, 52.438655], ""type"": ""Point""}";52.438655, -1.647762
England;2021-03-15;5439;3734653;6635.0;"{""coordinates"": [-1.647762, 52.438655], ""type"": ""Point""}";52.438655, -1.647762
England;2020-08-07;865;268842;477.6;"{""coordinates"": [-1.647762, 52.438655], ""type"": ""Point""}";52.438655, -1.647762
England;2020-08-06;978;267977;476.1;"{""coordinates"": [-1.647762, 52.438655], ""type"": ""Point""}";52.438655, -1.647762
England;2020-08-25;1061;285883;507.9;"{""coordinates"": [-1.647762, 52.438655], ""type"": ""Point""}";52.438655, -1.647762
England;2020-08-11;1213;272596;484.3;"{""coordinates"": [-1.647762, 52.438655], ""type"": ""Point""}";52.438655, -1.647762
England;2020-09-09;2850;316368;562.1;"{""coordinates"": [-1.647762, 52.438655], ""type"": ""Point""}";52.438655, -1.647762
England;2020-09-08;3001;313518;557.0;"{""coordinates"": [-1.647762, 52.438655], ""type"": ""Point""}";52.438655, -1.647762
England;2020-08-04;921;266059;472.7;"{""coordinates"": [-1.647762, 52.438655], ""type"": ""Point""}";52.438655, -1.647762
England;2020-07-31;626;263194;467.6;"{""coordinates"": [-1.647762, 52.438655], ""type"": ""Point""}";52.438655, -1.647762
England;2020-07-26;515;259152;460.4;"{""coordinates"": [-1.647762, 52.438655], ""type"": ""Point""}";52.438655, -1.647762
England;2020-07-24;717;258145;458.6;"{""coordinates"": [-1.647762, 52.438655], ""type"": ""Point""}";52.438655, -1.647762
England;2020-11-25;13934;1372458;2438.3;"{""coordinates"": [-1.647762, 52.438655], ""type"": ""Point""}";52.438655, -1.647762
England;2020-11-05;20873;1008717;1792.1;"{""coordinates"": [-1.647762, 52.438655], ""type"": ""Point""}";52.438655, -1.647762
England;2020-10-21;21490;721709;1282.2;"{""coordinates"": [-1.647762, 52.438655], ""type"": ""Point""}";52.438655, -1.647762
England;2020-11-04;20693;987844;1755.0;"{""coordinates"": [-1.647762, 52.438655], ""type"": ""Point""}";52.438655, -1.647762
England;2020-10-26;22754;808861;1437.0;"{""coordinates"": [-1.647762, 52.438655], ""type"": ""Point""}";52.438655, -1.647762
England;2020-09-30;10519;420683;747.4;"{""coordinates"": [-1.647762, 52.438655], ""type"": ""Point""}";52.438655, -1.647762
England;2020-10-11;9653;554703;985.5;"{""coordinates"": [-1.647762, 52.438655], ""type"": ""Point""}";52.438655, -1.647762
England;2020-09-19;4177;348299;618.8;"{""coordinates"": [-1.647762, 52.438655], ""type"": ""Point""}";52.438655, -1.647762
England;2020-09-14;2898;329136;584.7;"{""coordinates"": [-1.647762, 52.438655], ""type"": ""Point""}";52.438655, -1.647762
England;2020-07-19;413;254505;452.2;"{""coordinates"": [-1.647762, 52.438655], ""type"": ""Point""}";52.438655, -1.647762
England;2020-07-18;468;254092;451.4;"{""coordinates"": [-1.647762, 52.438655], ""type"": ""Point""}";52.438655, -1.647762
England;2020-06-29;666;243282;432.2;"{""coordinates"": [-1.647762, 52.438655], ""type"": ""Point""}";52.438655, -1.647762
England;2020-06-14;745;232372;412.8;"{""coordinates"": [-1.647762, 52.438655], ""type"": ""Point""}";52.438655, -1.647762
England;2020-06-09;1055;227913;404.9;"{""coordinates"": [-1.647762, 52.438655], ""type"": ""Point""}";52.438655, -1.647762
England;2020-05-29;1370;216432;384.5;"{""coordinates"": [-1.647762, 52.438655], ""type"": ""Point""}";52.438655, -1.647762
England;2020-05-28;1571;215062;382.1;"{""coordinates"": [-1.647762, 52.438655], ""type"": ""Point""}";52.438655, -1.647762
England;2020-05-27;1611;213491;379.3;"{""coordinates"": [-1.647762, 52.438655], ""type"": ""Point""}";52.438655, -1.647762
England;2020-05-17;1588;195358;347.1;"{""coordinates"": [-1.647762, 52.438655], ""type"": ""Point""}";52.438655, -1.647762
England;2020-05-18;2211;197569;351.0;"{""coordinates"": [-1.647762, 52.438655], ""type"": ""Point""}";52.438655, -1.647762
England;2020-03-05;46;251;0.4;"{""coordinates"": [-1.647762, 52.438655], ""type"": ""Point""}";52.438655, -1.647762
England;2020-03-04;49;205;0.4;"{""coordinates"": [-1.647762, 52.438655], ""type"": ""Point""}";52.438655, -1.647762
England;2020-02-29;5;45;0.1;"{""coordinates"": [-1.647762, 52.438655], ""type"": ""Point""}";52.438655, -1.647762
England;2020-02-27;7;29;0.1;"{""coordinates"": [-1.647762, 52.438655], ""type"": ""Point""}";52.438655, -1.647762
England;2020-02-25;5;18;;"{""coordinates"": [-1.647762, 52.438655], ""type"": ""Point""}";52.438655, -1.647762
England;2020-02-19;0;9;;"{""coordinates"": [-1.647762, 52.438655], ""type"": ""Point""}";52.438655, -1.647762
England;2020-02-08;4;7;;"{""coordinates"": [-1.647762, 52.438655], ""type"": ""Point""}";52.438655, -1.647762
England;2021-01-12;44675;2856724;5075.3;"{""coordinates"": [-1.647762, 52.438655], ""type"": ""Point""}";52.438655, -1.647762
England;2021-01-13;41149;2897873;5148.4;"{""coordinates"": [-1.647762, 52.438655], ""type"": ""Point""}";52.438655, -1.647762
England;2020-12-21;42592;1871096;3324.2;"{""coordinates"": [-1.647762, 52.438655], ""type"": ""Point""}";52.438655, -1.647762
England;2020-12-10;18542;1573623;2795.7;"{""coordinates"": [-1.647762, 52.438655], ""type"": ""Point""}";52.438655, -1.647762
England;2020-12-04;12876;1482541;2633.9;"{""coordinates"": [-1.647762, 52.438655], ""type"": ""Point""}";52.438655, -1.647762
England;2020-12-02;13469;1457134;2588.8;"{""coordinates"": [-1.647762, 52.438655], ""type"": ""Point""}";52.438655, -1.647762
England;2021-01-18;40723;3067771;5450.2;"{""coordinates"": [-1.647762, 52.438655], ""type"": ""Point""}";52.438655, -1.647762
England;2021-01-02;54161;2374635;4218.8;"{""coordinates"": [-1.647762, 52.438655], ""type"": ""Point""}";52.438655, -1.647762
England;2021-01-01;28218;2320474;4122.6;"{""coordinates"": [-1.647762, 52.438655], ""type"": ""Point""}";52.438655, -1.647762
England;2021-01-07;46825;2649419;4707.0;"{""coordinates"": [-1.647762, 52.438655], ""type"": ""Point""}";52.438655, -1.647762
England;2020-04-20;3676;109141;193.9;"{""coordinates"": [-1.647762, 52.438655], ""type"": ""Point""}";52.438655, -1.647762
England;2020-05-13;2882;187661;333.4;"{""coordinates"": [-1.647762, 52.438655], ""type"": ""Point""}";52.438655, -1.647762
England;2020-04-04;3377;48347;85.9;"{""coordinates"": [-1.647762, 52.438655], ""type"": ""Point""}";52.438655, -1.647762
England;2020-05-07;3201;172389;306.3;"{""coordinates"": [-1.647762, 52.438655], ""type"": ""Point""}";52.438655, -1.647762
England;2020-04-15;4212;89475;159.0;"{""coordinates"": [-1.647762, 52.438655], ""type"": ""Point""}";52.438655, -1.647762
England;2020-05-09;1794;176800;314.1;"{""coordinates"": [-1.647762, 52.438655], ""type"": ""Point""}";52.438655, -1.647762
England;2020-03-28;2367;22962;40.8;"{""coordinates"": [-1.647762, 52.438655], ""type"": ""Point""}";52.438655, -1.647762
England;2020-03-07;55;379;0.7;"{""coordinates"": [-1.647762, 52.438655], ""type"": ""Point""}";52.438655, -1.647762
England;2020-03-06;73;324;0.6;"{""coordinates"": [-1.647762, 52.438655], ""type"": ""Point""}";52.438655, -1.647762
England;2021-04-30;1453;3862061;6861.4;"{""coordinates"": [-1.647762, 52.438655], ""type"": ""Point""}";52.438655, -1.647762
England;2021-06-13;5889;3992145;7092.5;"{""coordinates"": [-1.647762, 52.438655], ""type"": ""Point""}";52.438655, -1.647762
England;2021-06-19;6932;4043495;7183.7;"{""coordinates"": [-1.647762, 52.438655], ""type"": ""Point""}";52.438655, -1.647762
England;2021-05-06;1948;3872981;6880.8;"{""coordinates"": [-1.647762, 52.438655], ""type"": ""Point""}";52.438655, -1.647762
England;2021-05-18;2134;3889655;6910.4;"{""coordinates"": [-1.647762, 52.438655], ""type"": ""Point""}";52.438655, -1.647762
England;2021-05-27;2945;3910230;6947.0;"{""coordinates"": [-1.647762, 52.438655], ""type"": ""Point""}";52.438655, -1.647762
England;2021-04-28;2164;3858729;6855.5;"{""coordinates"": [-1.647762, 52.438655], ""type"": ""Point""}";52.438655, -1.647762
England;2021-07-03;20090;4283136;7609.5;"{""coordinates"": [-1.647762, 52.438655], ""type"": ""Point""}";52.438655, -1.647762
England;2021-06-26;13152;4133877;7344.3;"{""coordinates"": [-1.647762, 52.438655], ""type"": ""Point""}";52.438655, -1.647762
England;2021-07-06;30861;4364752;7754.5;"{""coordinates"": [-1.647762, 52.438655], ""type"": ""Point""}";52.438655, -1.647762
England;2021-08-26;25799;5816606;10285.8;"{""coordinates"": [-1.647762, 52.438655], ""type"": ""Point""}";52.438655, -1.647762
England;2021-08-25;27079;5790719;10240.0;"{""coordinates"": [-1.647762, 52.438655], ""type"": ""Point""}";52.438655, -1.647762
England;2021-07-09;28394;4455989;7916.6;"{""coordinates"": [-1.647762, 52.438655], ""type"": ""Point""}";52.438655, -1.647762
England;2021-05-07;1629;3874601;6883.7;"{""coordinates"": [-1.647762, 52.438655], ""type"": ""Point""}";52.438655, -1.647762
England;2021-05-09;1845;3873626;6881.9;"{""coordinates"": [-1.647762, 52.438655], ""type"": ""Point""}";52.438655, -1.647762
England;2021-05-16;1519;3885274;6902.6;"{""coordinates"": [-1.647762, 52.438655], ""type"": ""Point""}";52.438655, -1.647762
England;2021-04-21;2267;3845431;6831.8;"{""coordinates"": [-1.647762, 52.438655], ""type"": ""Point""}";52.438655, -1.647762
England;2021-04-16;1884;3835097;6813.5;"{""coordinates"": [-1.647762, 52.438655], ""type"": ""Point""}";52.438655, -1.647762
England;2021-04-04;1923;3808577;6766.4;"{""coordinates"": [-1.647762, 52.438655], ""type"": ""Point""}";52.438655, -1.647762
England;2021-04-08;2540;3818526;6784.0;"{""coordinates"": [-1.647762, 52.438655], ""type"": ""Point""}";52.438655, -1.647762
England;2020-12-06;10870;1503554;2671.2;"{""coordinates"": [-1.647762, 52.438655], ""type"": ""Point""}";52.438655, -1.647762
England;2020-12-05;10143;1492684;2651.9;"{""coordinates"": [-1.647762, 52.438655], ""type"": ""Point""}";52.438655, -1.647762
England;2020-12-29;72513;2182684;3877.8;"{""coordinates"": [-1.647762, 52.438655], ""type"": ""Point""}";52.438655, -1.647762
England;2020-12-24;28699;1978318;3514.7;"{""coordinates"": [-1.647762, 52.438655], ""type"": ""Point""}";52.438655, -1.647762
England;2020-11-28;9208;1406214;2498.3;"{""coordinates"": [-1.647762, 52.438655], ""type"": ""Point""}";52.438655, -1.647762
England;2020-12-16;30120;1716397;3049.4;"{""coordinates"": [-1.647762, 52.438655], ""type"": ""Point""}";52.438655, -1.647762
England;2021-02-07;10134;3477509;6178.2;"{""coordinates"": [-1.647762, 52.438655], ""type"": ""Point""}";52.438655, -1.647762
England;2021-02-02;17656;3409256;6056.9;"{""coordinates"": [-1.647762, 52.438655], ""type"": ""Point""}";52.438655, -1.647762
England;2021-01-30;14998;3357786;5965.5;"{""coordinates"": [-1.647762, 52.438655], ""type"": ""Point""}";52.438655, -1.647762
England;2021-01-19;35970;3103741;5514.1;"{""coordinates"": [-1.647762, 52.438655], ""type"": ""Point""}";52.438655, -1.647762
England;2020-04-27;4025;137347;244.0;"{""coordinates"": [-1.647762, 52.438655], ""type"": ""Point""}";52.438655, -1.647762
England;2020-04-17;4065;97884;173.9;"{""coordinates"": [-1.647762, 52.438655], ""type"": ""Point""}";52.438655, -1.647762
England;2020-04-07;4565;60364;107.2;"{""coordinates"": [-1.647762, 52.438655], ""type"": ""Point""}";52.438655, -1.647762
England;2020-04-03;4081;44970;79.9;"{""coordinates"": [-1.647762, 52.438655], ""type"": ""Point""}";52.438655, -1.647762
England;2020-03-22;1204;9036;16.1;"{""coordinates"": [-1.647762, 52.438655], ""type"": ""Point""}";52.438655, -1.647762
England;2020-03-20;1086;6798;12.1;"{""coordinates"": [-1.647762, 52.438655], ""type"": ""Point""}";52.438655, -1.647762
England;2020-03-12;414;1548;2.8;"{""coordinates"": [-1.647762, 52.438655], ""type"": ""Point""}";52.438655, -1.647762
England;2020-03-21;1034;7832;13.9;"{""coordinates"": [-1.647762, 52.438655], ""type"": ""Point""}";52.438655, -1.647762
England;2020-03-16;545;3197;5.7;"{""coordinates"": [-1.647762, 52.438655], ""type"": ""Point""}";52.438655, -1.647762
England;2021-03-31;3120;3799671;6750.5;"{""coordinates"": [-1.647762, 52.438655], ""type"": ""Point""}";52.438655, -1.647762
England;2021-03-30;2929;3796551;6745.0;"{""coordinates"": [-1.647762, 52.438655], ""type"": ""Point""}";52.438655, -1.647762
England;2021-03-19;4134;3752900;6667.4;"{""coordinates"": [-1.647762, 52.438655], ""type"": ""Point""}";52.438655, -1.647762
England;2021-02-17;10025;3585788;6370.5;"{""coordinates"": [-1.647762, 52.438655], ""type"": ""Point""}";52.438655, -1.647762
England;2021-02-12;10563;3537216;6284.3;"{""coordinates"": [-1.647762, 52.438655], ""type"": ""Point""}";52.438655, -1.647762
England;2021-03-28;4083;3790435;6734.1;"{""coordinates"": [-1.647762, 52.438655], ""type"": ""Point""}";52.438655, -1.647762
England;2021-03-16;4740;3739393;6643.4;"{""coordinates"": [-1.647762, 52.438655], ""type"": ""Point""}";52.438655, -1.647762
England;2021-03-14;3581;3729214;6625.4;"{""coordinates"": [-1.647762, 52.438655], ""type"": ""Point""}";52.438655, -1.647762
England;2021-03-05;4553;3689881;6555.5;"{""coordinates"": [-1.647762, 52.438655], ""type"": ""Point""}";52.438655, -1.647762
England;2021-02-25;6613;3650154;6484.9;"{""coordinates"": [-1.647762, 52.438655], ""type"": ""Point""}";52.438655, -1.647762
England;2020-06-05;1019;224480;398.8;"{""coordinates"": [-1.647762, 52.438655], ""type"": ""Point""}";52.438655, -1.647762
England;2020-05-21;2268;204763;363.8;"{""coordinates"": [-1.647762, 52.438655], ""type"": ""Point""}";52.438655, -1.647762
England;2020-05-15;2132;192001;341.1;"{""coordinates"": [-1.647762, 52.438655], ""type"": ""Point""}";52.438655, -1.647762
England;2020-06-08;991;226858;403.0;"{""coordinates"": [-1.647762, 52.438655], ""type"": ""Point""}";52.438655, -1.647762
England;2020-05-22;1792;206555;367.0;"{""coordinates"": [-1.647762, 52.438655], ""type"": ""Point""}";52.438655, -1.647762
England;2020-05-08;2617;175006;310.9;"{""coordinates"": [-1.647762, 52.438655], ""type"": ""Point""}";52.438655, -1.647762
England;2020-05-01;4086;154577;274.6;"{""coordinates"": [-1.647762, 52.438655], ""type"": ""Point""}";52.438655, -1.647762
England;2020-05-24;1197;209054;371.4;"{""coordinates"": [-1.647762, 52.438655], ""type"": ""Point""}";52.438655, -1.647762
England;2020-05-05;3139;165928;294.8;"{""coordinates"": [-1.647762, 52.438655], ""type"": ""Point""}";52.438655, -1.647762
England;2020-11-18;18216;1277445;2269.5;"{""coordinates"": [-1.647762, 52.438655], ""type"": ""Point""}";52.438655, -1.647762
England;2020-11-12;21952;1163267;2066.7;"{""coordinates"": [-1.647762, 52.438655], ""type"": ""Point""}";52.438655, -1.647762
England;2020-10-31;14344;903551;1605.3;"{""coordinates"": [-1.647762, 52.438655], ""type"": ""Point""}";52.438655, -1.647762
England;2020-10-28;20230;849582;1509.4;"{""coordinates"": [-1.647762, 52.438655], ""type"": ""Point""}";52.438655, -1.647762
England;2020-10-23;18109;759428;1349.2;"{""coordinates"": [-1.647762, 52.438655], ""type"": ""Point""}";52.438655, -1.647762
England;2020-09-24;6291;375149;666.5;"{""coordinates"": [-1.647762, 52.438655], ""type"": ""Point""}";52.438655, -1.647762
England;2020-09-17;3933;339850;603.8;"{""coordinates"": [-1.647762, 52.438655], ""type"": ""Point""}";52.438655, -1.647762
England;2020-08-14;1038;275749;489.9;"{""coordinates"": [-1.647762, 52.438655], ""type"": ""Point""}";52.438655, -1.647762
England;2020-09-27;6023;392859;698.0;"{""coordinates"": [-1.647762, 52.438655], ""type"": ""Point""}";52.438655, -1.647762
England;2020-07-22;749;256696;456.0;"{""coordinates"": [-1.647762, 52.438655], ""type"": ""Point""}";52.438655, -1.647762
England;2020-07-23;732;257428;457.3;"{""coordinates"": [-1.647762, 52.438655], ""type"": ""Point""}";52.438655, -1.647762
England;2020-08-02;512;264200;469.4;"{""coordinates"": [-1.647762, 52.438655], ""type"": ""Point""}";52.438655, -1.647762
England;2020-08-05;940;266999;474.4;"{""coordinates"": [-1.647762, 52.438655], ""type"": ""Point""}";52.438655, -1.647762
England;2020-07-30;857;262568;466.5;"{""coordinates"": [-1.647762, 52.438655], ""type"": ""Point""}";52.438655, -1.647762
England;2020-07-05;540;246506;437.9;"{""coordinates"": [-1.647762, 52.438655], ""type"": ""Point""}";52.438655, -1.647762
England;2020-06-26;642;241701;429.4;"{""coordinates"": [-1.647762, 52.438655], ""type"": ""Point""}";52.438655, -1.647762
England;2020-06-22;816;238965;424.5;"{""coordinates"": [-1.647762, 52.438655], ""type"": ""Point""}";52.438655, -1.647762
England;2020-06-13;787;231627;411.5;"{""coordinates"": [-1.647762, 52.438655], ""type"": ""Point""}";52.438655, -1.647762
England;2020-07-13;689;251064;446.0;"{""coordinates"": [-1.647762, 52.438655], ""type"": ""Point""}";52.438655, -1.647762
England;2020-03-11;353;1134;2.0;"{""coordinates"": [-1.647762, 52.438655], ""type"": ""Point""}";52.438655, -1.647762
England;2020-02-03;0;2;;"{""coordinates"": [-1.647762, 52.438655], ""type"": ""Point""}";52.438655, -1.647762
England;2020-02-21;1;10;;"{""coordinates"": [-1.647762, 52.438655], ""type"": ""Point""}";52.438655, -1.647762
England;2020-02-14;0;9;;"{""coordinates"": [-1.647762, 52.438655], ""type"": ""Point""}";52.438655, -1.647762
England;2020-02-07;0;3;;"{""coordinates"": [-1.647762, 52.438655], ""type"": ""Point""}";52.438655, -1.647762
England;2021-04-26;2321;3854599;6848.1;"{""coordinates"": [-1.647762, 52.438655], ""type"": ""Point""}";52.438655, -1.647762
England;2021-04-25;1924;3852278;6844.0;"{""coordinates"": [-1.647762, 52.438655], ""type"": ""Point""}";52.438655, -1.647762
England;2021-04-27;1815;3856524;6851.5;"{""coordinates"": [-1.647762, 52.438655], ""type"": ""Point""}";52.438655, -1.647762
England;2021-06-22;13190;4077130;7243.5;"{""coordinates"": [-1.647762, 52.438655], ""type"": ""Point""}";52.438655, -1.647762
England;2021-06-29;22639;4194464;7451.9;"{""coordinates"": [-1.647762, 52.438655], ""type"": ""Point""}";52.438655, -1.647762
England;2021-07-13;42242;4589753;8154.2;"{""coordinates"": [-1.647762, 52.438655], ""type"": ""Point""}";52.438655, -1.647762
England;2021-07-21;30918;4920930;8742.6;"{""coordinates"": [-1.647762, 52.438655], ""type"": ""Point""}";52.438655, -1.647762
England;2021-08-16;30052;5548166;9811.1;"{""coordinates"": [-1.647762, 52.438655], ""type"": ""Point""}";52.438655, -1.647762
England;2021-08-15;20769;5518122;9757.9;"{""coordinates"": [-1.647762, 52.438655], ""type"": ""Point""}";52.438655, -1.647762
England;2021-09-05;22895;6070685;10735.0;"{""coordinates"": [-1.647762, 52.438655], ""type"": ""Point""}";52.438655, -1.647762
England;2021-09-06;32255;6103144;10792.4;"{""coordinates"": [-1.647762, 52.438655], ""type"": ""Point""}";52.438655, -1.647762
England;2021-07-18;32419;4812426;8549.8;"{""coordinates"": [-1.647762, 52.438655], ""type"": ""Point""}";52.438655, -1.647762
England;2021-07-19;42307;4854875;8625.2;"{""coordinates"": [-1.647762, 52.438655], ""type"": ""Point""}";52.438655, -1.647762
England;2021-09-11;16549;6218383;10996.2;"{""coordinates"": [-1.647762, 52.438655], ""type"": ""Point""}";52.438655, -1.647762
England;2021-07-26;25788;5036743;8906.7;"{""coordinates"": [-1.647762, 52.438655], ""type"": ""Point""}";52.438655, -1.647762
England;2021-07-27;25322;5062097;8951.5;"{""coordinates"": [-1.647762, 52.438655], ""type"": ""Point""}";52.438655, -1.647762
England;2021-09-19;24224;6394012;11306.8;"{""coordinates"": [-1.647762, 52.438655], ""type"": ""Point""}";52.438655, -1.647762
England;2021-06-24;14669;4106178;7295.1;"{""coordinates"": [-1.647762, 52.438655], ""type"": ""Point""}";52.438655, -1.647762
England;2021-09-12;17461;6235879;11027.2;"{""coordinates"": [-1.647762, 52.438655], ""type"": ""Point""}";52.438655, -1.647762
England;2021-09-30;26079;6702669;11852.6;"{""coordinates"": [-1.647762, 52.438655], ""type"": ""Point""}";52.438655, -1.647762
England;2021-10-02;21398;6748452;11933.6;"{""coordinates"": [-1.647762, 52.438655], ""type"": ""Point""}";52.438655, -1.647762
England;2021-10-08;29202;6935000;12263.5;"{""coordinates"": [-1.647762, 52.438655], ""type"": ""Point""}";52.438655, -1.647762
England;2021-10-04;35713;6810735;12043.7;"{""coordinates"": [-1.647762, 52.438655], ""type"": ""Point""}";52.438655, -1.647762
England;2021-10-06;31867;6874279;12156.1;"{""coordinates"": [-1.647762, 52.438655], ""type"": ""Point""}";52.438655, -1.647762
England;2021-11-04;26013;7877176;13929.5;"{""coordinates"": [-1.647762, 52.438655], ""type"": ""Point""}";52.438655, -1.647762
England;2021-11-07;24828;7947913;14054.6;"{""coordinates"": [-1.647762, 52.438655], ""type"": ""Point""}";52.438655, -1.647762
England;2021-08-06;24225;5302840;9377.2;"{""coordinates"": [-1.647762, 52.438655], ""type"": ""Point""}";52.438655, -1.647762
England;2021-11-01;36684;7792323;13779.5;"{""coordinates"": [-1.647762, 52.438655], ""type"": ""Point""}";52.438655, -1.647762
England;2021-08-19;28314;5637306;9968.7;"{""coordinates"": [-1.647762, 52.438655], ""type"": ""Point""}";52.438655, -1.647762
England;2021-07-07;33446;4398343;7814.1;"{""coordinates"": [-1.647762, 52.438655], ""type"": ""Point""}";52.438655, -1.647762
England;2021-07-02;21655;4263038;7573.8;"{""coordinates"": [-1.647762, 52.438655], ""type"": ""Point""}";52.438655, -1.647762
England;2021-06-27;15024;4148932;7371.0;"{""coordinates"": [-1.647762, 52.438655], ""type"": ""Point""}";52.438655, -1.647762
England;2021-11-24;38861;8537859;15097.9;"{""coordinates"": [-1.647762, 52.438655], ""type"": ""Point""}";52.438655, -1.647762
England;2021-11-17;37378;8288032;14656.1;"{""coordinates"": [-1.647762, 52.438655], ""type"": ""Point""}";52.438655, -1.647762
England;2021-11-25;36184;8574060;15161.9;"{""coordinates"": [-1.647762, 52.438655], ""type"": ""Point""}";52.438655, -1.647762
England;2021-11-26;32829;8606950;15220.0;"{""coordinates"": [-1.647762, 52.438655], ""type"": ""Point""}";52.438655, -1.647762
England;2021-01-11;51995;2812049;4995.9;"{""coordinates"": [-1.647762, 52.438655], ""type"": ""Point""}";52.438655, -1.647762
England;2021-01-10;32856;2760054;4903.5;"{""coordinates"": [-1.647762, 52.438655], ""type"": ""Point""}";52.438655, -1.647762
England;2021-01-15;36790;2973185;5282.2;"{""coordinates"": [-1.647762, 52.438655], ""type"": ""Point""}";52.438655, -1.647762
England;2021-02-04;16154;3442820;6116.5;"{""coordinates"": [-1.647762, 52.438655], ""type"": ""Point""}";52.438655, -1.647762
England;2021-01-29;19684;3342788;5938.8;"{""coordinates"": [-1.647762, 52.438655], ""type"": ""Point""}";52.438655, -1.647762
England;2021-01-21;28755;3164250;5621.6;"{""coordinates"": [-1.647762, 52.438655], ""type"": ""Point""}";52.438655, -1.647762
England;2021-04-09;2365;3820891;6788.2;"{""coordinates"": [-1.647762, 52.438655], ""type"": ""Point""}";52.438655, -1.647762
England;2021-02-28;3952;3663872;6509.3;"{""coordinates"": [-1.647762, 52.438655], ""type"": ""Point""}";52.438655, -1.647762
England;2021-02-16;10814;3575763;6352.7;"{""coordinates"": [-1.647762, 52.438655], ""type"": ""Point""}";52.438655, -1.647762
England;2021-04-18;2309;3838763;6820.0;"{""coordinates"": [-1.647762, 52.438655], ""type"": ""Point""}";52.438655, -1.647762
England;2020-05-30;997;217429;386.3;"{""coordinates"": [-1.647762, 52.438655], ""type"": ""Point""}";52.438655, -1.647762
England;2020-05-03;2632;159948;284.2;"{""coordinates"": [-1.647762, 52.438655], ""type"": ""Point""}";52.438655, -1.647762
England;2020-06-19;816;236970;421.0;"{""coordinates"": [-1.647762, 52.438655], ""type"": ""Point""}";52.438655, -1.647762
England;2020-05-31;989;218418;388.0;"{""coordinates"": [-1.647762, 52.438655], ""type"": ""Point""}";52.438655, -1.647762
England;2020-03-25;2257;15330;27.2;"{""coordinates"": [-1.647762, 52.438655], ""type"": ""Point""}";52.438655, -1.647762
England;2020-03-24;2025;13073;23.2;"{""coordinates"": [-1.647762, 52.438655], ""type"": ""Point""}";52.438655, -1.647762
England;2020-03-19;927;5712;10.1;"{""coordinates"": [-1.647762, 52.438655], ""type"": ""Point""}";52.438655, -1.647762
England;2020-02-23;1;11;;"{""coordinates"": [-1.647762, 52.438655], ""type"": ""Point""}";52.438655, -1.647762
England;2020-02-15;0;9;;"{""coordinates"": [-1.647762, 52.438655], ""type"": ""Point""}";52.438655, -1.647762
England;2020-02-24;2;13;;"{""coordinates"": [-1.647762, 52.438655], ""type"": ""Point""}";52.438655, -1.647762
England;2020-04-26;3134;133322;236.9;"{""coordinates"": [-1.647762, 52.438655], ""type"": ""Point""}";52.438655, -1.647762
England;2020-04-23;4550;122469;217.6;"{""coordinates"": [-1.647762, 52.438655], ""type"": ""Point""}";52.438655, -1.647762
England;2020-06-16;993;234303;416.3;"{""coordinates"": [-1.647762, 52.438655], ""type"": ""Point""}";52.438655, -1.647762
England;2020-06-15;938;233310;414.5;"{""coordinates"": [-1.647762, 52.438655], ""type"": ""Point""}";52.438655, -1.647762
England;2020-05-25;1375;210429;373.9;"{""coordinates"": [-1.647762, 52.438655], ""type"": ""Point""}";52.438655, -1.647762
England;2020-05-14;2208;189869;337.3;"{""coordinates"": [-1.647762, 52.438655], ""type"": ""Point""}";52.438655, -1.647762
England;2020-10-16;14550;632573;1123.8;"{""coordinates"": [-1.647762, 52.438655], ""type"": ""Point""}";52.438655, -1.647762
England;2020-10-09;13011;534897;950.3;"{""coordinates"": [-1.647762, 52.438655], ""type"": ""Point""}";52.438655, -1.647762
England;2020-10-05;14037;477136;847.7;"{""coordinates"": [-1.647762, 52.438655], ""type"": ""Point""}";52.438655, -1.647762
England;2020-09-29;8723;410164;728.7;"{""coordinates"": [-1.647762, 52.438655], ""type"": ""Point""}";52.438655, -1.647762
England;2020-08-28;1384;289727;514.7;"{""coordinates"": [-1.647762, 52.438655], ""type"": ""Point""}";52.438655, -1.647762
England;2020-08-19;1071;280055;497.5;"{""coordinates"": [-1.647762, 52.438655], ""type"": ""Point""}";52.438655, -1.647762
England;2020-09-20;4622;352921;627.0;"{""coordinates"": [-1.647762, 52.438655], ""type"": ""Point""}";52.438655, -1.647762
England;2020-07-28;780;260740;463.2;"{""coordinates"": [-1.647762, 52.438655], ""type"": ""Point""}";52.438655, -1.647762
England;2020-07-17;547;253624;450.6;"{""coordinates"": [-1.647762, 52.438655], ""type"": ""Point""}";52.438655, -1.647762
England;2020-12-31;46680;2292256;4072.4;"{""coordinates"": [-1.647762, 52.438655], ""type"": ""Point""}";52.438655, -1.647762
England;2020-12-27;42441;2070136;3677.8;"{""coordinates"": [-1.647762, 52.438655], ""type"": ""Point""}";52.438655, -1.647762
England;2020-11-23;16209;1344498;2388.6;"{""coordinates"": [-1.647762, 52.438655], ""type"": ""Point""}";52.438655, -1.647762
England;2020-11-20;14679;1307631;2323.2;"{""coordinates"": [-1.647762, 52.438655], ""type"": ""Point""}";52.438655, -1.647762
England;2020-11-07;16617;1046155;1858.6;"{""coordinates"": [-1.647762, 52.438655], ""type"": ""Point""}";52.438655, -1.647762
England;2020-12-17;29598;1745995;3102.0;"{""coordinates"": [-1.647762, 52.438655], ""type"": ""Point""}";52.438655, -1.647762
England;2021-01-09;35442;2727198;4845.2;"{""coordinates"": [-1.647762, 52.438655], ""type"": ""Point""}";52.438655, -1.647762
England;2021-01-05;58028;2551281;4532.6;"{""coordinates"": [-1.647762, 52.438655], ""type"": ""Point""}";52.438655, -1.647762
England;2020-10-25;13162;786107;1396.6;"{""coordinates"": [-1.647762, 52.438655], ""type"": ""Point""}";52.438655, -1.647762
England;2021-05-14;1451;3882490;6897.7;"{""coordinates"": [-1.647762, 52.438655], ""type"": ""Point""}";52.438655, -1.647762
England;2021-05-15;1247;3883745;6899.9;"{""coordinates"": [-1.647762, 52.438655], ""type"": ""Point""}";52.438655, -1.647762
England;2021-05-22;1531;3897082;6923.6;"{""coordinates"": [-1.647762, 52.438655], ""type"": ""Point""}";52.438655, -1.647762
England;2021-05-12;1765;3879384;6892.2;"{""coordinates"": [-1.647762, 52.438655], ""type"": ""Point""}";52.438655, -1.647762
England;2021-06-17;9185;4028029;7156.2;"{""coordinates"": [-1.647762, 52.438655], ""type"": ""Point""}";52.438655, -1.647762
England;2021-11-20;29141;8385768;14828.9;"{""coordinates"": [-1.647762, 52.438655], ""type"": ""Point""}";52.438655, -1.647762
England;2021-07-05;29412;4333840;7699.5;"{""coordinates"": [-1.647762, 52.438655], ""type"": ""Point""}";52.438655, -1.647762
England;2021-11-22;41831;8458783;14958.0;"{""coordinates"": [-1.647762, 52.438655], ""type"": ""Point""}";52.438655, -1.647762
England;2021-07-25;19167;5010926;8902.5;"{""coordinates"": [-1.647762, 52.438655], ""type"": ""Point""}";52.438655, -1.647762
England;2021-05-01;1176;3863322;6863.6;"{""coordinates"": [-1.647762, 52.438655], ""type"": ""Point""}";52.438655, -1.647762
England;2021-05-02;1306;3864622;6865.9;"{""coordinates"": [-1.647762, 52.438655], ""type"": ""Point""}";52.438655, -1.647762
England;2020-11-10;24459;1116674;1983.9;"{""coordinates"": [-1.647762, 52.438655], ""type"": ""Point""}";52.438655, -1.647762
England;2020-11-09;28094;1092215;1940.4;"{""coordinates"": [-1.647762, 52.438655], ""type"": ""Point""}";52.438655, -1.647762
England;2020-11-17;20332;1259229;2237.2;"{""coordinates"": [-1.647762, 52.438655], ""type"": ""Point""}";52.438655, -1.647762
England;2020-11-16;23727;1238897;2201.0;"{""coordinates"": [-1.647762, 52.438655], ""type"": ""Point""}";52.438655, -1.647762
England;2020-10-13;15438;586334;1041.7;"{""coordinates"": [-1.647762, 52.438655], ""type"": ""Point""}";52.438655, -1.647762
England;2020-10-20;21338;700219;1244.0;"{""coordinates"": [-1.647762, 52.438655], ""type"": ""Point""}";52.438655, -1.647762
England;2020-10-15;15245;618023;1098.0;"{""coordinates"": [-1.647762, 52.438655], ""type"": ""Point""}";52.438655, -1.647762
England;2020-10-03;9703;453267;805.3;"{""coordinates"": [-1.647762, 52.438655], ""type"": ""Point""}";52.438655, -1.647762
England;2020-09-11;2855;322321;572.6;"{""coordinates"": [-1.647762, 52.438655], ""type"": ""Point""}";52.438655, -1.647762
England;2020-10-10;10153;545050;968.3;"{""coordinates"": [-1.647762, 52.438655], ""type"": ""Point""}";52.438655, -1.647762
England;2020-12-30;62892;2245576;3989.5;"{""coordinates"": [-1.647762, 52.438655], ""type"": ""Point""}";52.438655, -1.647762
England;2020-12-25;12675;1990993;3537.2;"{""coordinates"": [-1.647762, 52.438655], ""type"": ""Point""}";52.438655, -1.647762
England;2020-12-08;16673;1537622;2731.8;"{""coordinates"": [-1.647762, 52.438655], ""type"": ""Point""}";52.438655, -1.647762
England;2020-12-15;29099;1686277;2995.9;"{""coordinates"": [-1.647762, 52.438655], ""type"": ""Point""}";52.438655, -1.647762
England;2021-01-24;15455;3226485;5732.2;"{""coordinates"": [-1.647762, 52.438655], ""type"": ""Point""}";52.438655, -1.647762
England;2021-01-22;26906;3191156;5669.4;"{""coordinates"": [-1.647762, 52.438655], ""type"": ""Point""}";52.438655, -1.647762
England;2021-01-06;51313;2602594;4623.8;"{""coordinates"": [-1.647762, 52.438655], ""type"": ""Point""}";52.438655, -1.647762
England;2021-02-05;13973;3456793;6141.4;"{""coordinates"": [-1.647762, 52.438655], ""type"": ""Point""}";52.438655, -1.647762
England;2021-02-11;11226;3526653;6265.5;"{""coordinates"": [-1.647762, 52.438655], ""type"": ""Point""}";52.438655, -1.647762
England;2020-09-07;3462;310517;551.7;"{""coordinates"": [-1.647762, 52.438655], ""type"": ""Point""}";52.438655, -1.647762
England;2020-08-10;1348;271383;482.1;"{""coordinates"": [-1.647762, 52.438655], ""type"": ""Point""}";52.438655, -1.647762
England;2020-09-04;2591;302809;538.0;"{""coordinates"": [-1.647762, 52.438655], ""type"": ""Point""}";52.438655, -1.647762
England;2020-08-01;494;263688;468.5;"{""coordinates"": [-1.647762, 52.438655], ""type"": ""Point""}";52.438655, -1.647762
England;2020-07-15;723;252437;448.5;"{""coordinates"": [-1.647762, 52.438655], ""type"": ""Point""}";52.438655, -1.647762
England;2020-07-08;674;248399;441.3;"{""coordinates"": [-1.647762, 52.438655], ""type"": ""Point""}";52.438655, -1.647762
England;2020-07-06;660;247166;439.1;"{""coordinates"": [-1.647762, 52.438655], ""type"": ""Point""}";52.438655, -1.647762
England;2020-08-26;1136;287019;509.9;"{""coordinates"": [-1.647762, 52.438655], ""type"": ""Point""}";52.438655, -1.647762
England;2020-07-04;387;245966;437.0;"{""coordinates"": [-1.647762, 52.438655], ""type"": ""Point""}";52.438655, -1.647762
England;2020-04-18;4108;101992;181.2;"{""coordinates"": [-1.647762, 52.438655], ""type"": ""Point""}";52.438655, -1.647762
England;2020-04-16;4344;93819;166.7;"{""coordinates"": [-1.647762, 52.438655], ""type"": ""Point""}";52.438655, -1.647762
England;2020-04-09;4061;68711;122.1;"{""coordinates"": [-1.647762, 52.438655], ""type"": ""Point""}";52.438655, -1.647762
England;2020-04-06;4370;55799;99.1;"{""coordinates"": [-1.647762, 52.438655], ""type"": ""Point""}";52.438655, -1.647762
England;2020-04-05;3082;51429;91.4;"{""coordinates"": [-1.647762, 52.438655], ""type"": ""Point""}";52.438655, -1.647762
England;2020-03-30;3516;28916;51.4;"{""coordinates"": [-1.647762, 52.438655], ""type"": ""Point""}";52.438655, -1.647762
England;2020-03-26;2614;17944;31.9;"{""coordinates"": [-1.647762, 52.438655], ""type"": ""Point""}";52.438655, -1.647762
England;2020-03-17;681;3878;6.9;"{""coordinates"": [-1.647762, 52.438655], ""type"": ""Point""}";52.438655, -1.647762
England;2020-03-03;53;156;0.3;"{""coordinates"": [-1.647762, 52.438655], ""type"": ""Point""}";52.438655, -1.647762
England;2021-04-13;2016;3829260;6803.1;"{""coordinates"": [-1.647762, 52.438655], ""type"": ""Point""}";52.438655, -1.647762
England;2021-04-11;2016;3824840;6795.3;"{""coordinates"": [-1.647762, 52.438655], ""type"": ""Point""}";52.438655, -1.647762
England;2021-04-10;1933;3822824;6791.7;"{""coordinates"": [-1.647762, 52.438655], ""type"": ""Point""}";52.438655, -1.647762
England;2021-03-27;2937;3786352;6726.9;"{""coordinates"": [-1.647762, 52.438655], ""type"": ""Point""}";52.438655, -1.647762
England;2021-03-24;5106;3775359;6707.3;"{""coordinates"": [-1.647762, 52.438655], ""type"": ""Point""}";52.438655, -1.647762
England;2021-03-17;4851;3744244;6652.1;"{""coordinates"": [-1.647762, 52.438655], ""type"": ""Point""}";52.438655, -1.647762
England;2021-03-07;3529;3697108;6568.3;"{""coordinates"": [-1.647762, 52.438655], ""type"": ""Point""}";52.438655, -1.647762
England;2021-03-04;4789;3685328;6547.4;"{""coordinates"": [-1.647762, 52.438655], ""type"": ""Point""}";52.438655, -1.647762
England;2021-02-13;7738;3544954;6298.0;"{""coordinates"": [-1.647762, 52.438655], ""type"": ""Point""}";52.438655, -1.647762
England;2020-06-25;637;241059;428.3;"{""coordinates"": [-1.647762, 52.438655], ""type"": ""Point""}";52.438655, -1.647762
England;2020-06-24;728;240422;427.1;"{""coordinates"": [-1.647762, 52.438655], ""type"": ""Point""}";52.438655, -1.647762
England;2020-06-10;1076;228989;406.8;"{""coordinates"": [-1.647762, 52.438655], ""type"": ""Point""}";52.438655, -1.647762
England;2020-04-30;4305;150491;267.4;"{""coordinates"": [-1.647762, 52.438655], ""type"": ""Point""}";52.438655, -1.647762
England;2020-04-25;3372;130188;231.3;"{""coordinates"": [-1.647762, 52.438655], ""type"": ""Point""}";52.438655, -1.647762
England;2020-04-24;4347;126816;225.3;"{""coordinates"": [-1.647762, 52.438655], ""type"": ""Point""}";52.438655, -1.647762
England;2020-06-28;411;242616;431.0;"{""coordinates"": [-1.647762, 52.438655], ""type"": ""Point""}";52.438655, -1.647762
England;2020-05-06;3260;169188;300.6;"{""coordinates"": [-1.647762, 52.438655], ""type"": ""Point""}";52.438655, -1.647762
England;2020-04-21;3979;113120;201.0;"{""coordinates"": [-1.647762, 52.438655], ""type"": ""Point""}";52.438655, -1.647762
England;2020-02-22;0;10;;"{""coordinates"": [-1.647762, 52.438655], ""type"": ""Point""}";52.438655, -1.647762
England;2020-02-17;0;9;;"{""coordinates"": [-1.647762, 52.438655], ""type"": ""Point""}";52.438655, -1.647762
England;2020-02-06;0;3;;"{""coordinates"": [-1.647762, 52.438655], ""type"": ""Point""}";52.438655, -1.647762
England;2020-02-04;0;2;;"{""coordinates"": [-1.647762, 52.438655], ""type"": ""Point""}";52.438655, -1.647762
England;2020-01-30;2;2;;"{""coordinates"": [-1.647762, 52.438655], ""type"": ""Point""}";52.438655, -1.647762
England;2021-05-10;2158;3875806;6885.8;"{""coordinates"": [-1.647762, 52.438655], ""type"": ""Point""}";52.438655, -1.647762
England;2021-05-11;1737;3877612;6889.0;"{""coordinates"": [-1.647762, 52.438655], ""type"": ""Point""}";52.438655, -1.647762
England;2021-05-28;2816;3913051;6952.0;"{""coordinates"": [-1.647762, 52.438655], ""type"": ""Point""}";52.438655, -1.647762
England;2021-11-10;34473;8051590;14238.0;"{""coordinates"": [-1.647762, 52.438655], ""type"": ""Point""}";52.438655, -1.647762
England;2021-12-01;45934;8807153;15574.1;"{""coordinates"": [-1.647762, 52.438655], ""type"": ""Point""}";52.438655, -1.647762
England;2021-11-27;27739;8634857;15269.4;"{""coordinates"": [-1.647762, 52.438655], ""type"": ""Point""}";52.438655, -1.647762
England;2021-09-26;26228;6585792;11645.9;"{""coordinates"": [-1.647762, 52.438655], ""type"": ""Point""}";52.438655, -1.647762
England;2021-09-25;22625;6559564;11599.6;"{""coordinates"": [-1.647762, 52.438655], ""type"": ""Point""}";52.438655, -1.647762
England;2021-10-05;31534;6842401;12099.7;"{""coordinates"": [-1.647762, 52.438655], ""type"": ""Point""}";52.438655, -1.647762
England;2021-10-14;38395;7152915;12648.8;"{""coordinates"": [-1.647762, 52.438655], ""type"": ""Point""}";52.438655, -1.647762
England;2021-08-28;19623;5859939;10362.4;"{""coordinates"": [-1.647762, 52.438655], ""type"": ""Point""}";52.438655, -1.647762
England;2021-09-03;28013;6024770;10653.9;"{""coordinates"": [-1.647762, 52.438655], ""type"": ""Point""}";52.438655, -1.647762
England;2021-08-14;20833;5497177;9720.9;"{""coordinates"": [-1.647762, 52.438655], ""type"": ""Point""}";52.438655, -1.647762
England;2021-08-20;24909;5662224;10012.8;"{""coordinates"": [-1.647762, 52.438655], ""type"": ""Point""}";52.438655, -1.647762
England;2021-08-27;23565;5840203;10327.5;"{""coordinates"": [-1.647762, 52.438655], ""type"": ""Point""}";52.438655, -1.647762
England;2021-07-14;49176;4638929;8241.6;"{""coordinates"": [-1.647762, 52.438655], ""type"": ""Point""}";52.438655, -1.647762
England;2021-07-17;34557;4780007;8492.2;"{""coordinates"": [-1.647762, 52.438655], ""type"": ""Point""}";52.438655, -1.647762
England;2021-07-15;56250;4695222;8341.6;"{""coordinates"": [-1.647762, 52.438655], ""type"": ""Point""}";52.438655, -1.647762
England;2021-04-29;1877;3860610;6858.8;"{""coordinates"": [-1.647762, 52.438655], ""type"": ""Point""}";52.438655, -1.647762
England;2020-11-01;13368;916919;1629.0;"{""coordinates"": [-1.647762, 52.438655], ""type"": ""Point""}";52.438655, -1.647762
England;2020-11-02;27925;944844;1678.6;"{""coordinates"": [-1.647762, 52.438655], ""type"": ""Point""}";52.438655, -1.647762
England;2020-12-22;40900;1911996;3396.9;"{""coordinates"": [-1.647762, 52.438655], ""type"": ""Point""}";52.438655, -1.647762
England;2020-12-19;21737;1799564;3197.1;"{""coordinates"": [-1.647762, 52.438655], ""type"": ""Point""}";52.438655, -1.647762
England;2020-12-01;13515;1443665;2564.8;"{""coordinates"": [-1.647762, 52.438655], ""type"": ""Point""}";52.438655, -1.647762
England;2020-11-27;12268;1397006;2481.9;"{""coordinates"": [-1.647762, 52.438655], ""type"": ""Point""}";52.438655, -1.647762
England;2020-11-08;17966;1064121;1890.5;"{""coordinates"": [-1.647762, 52.438655], ""type"": ""Point""}";52.438655, -1.647762
England;2020-10-19;22102;678881;1206.1;"{""coordinates"": [-1.647762, 52.438655], ""type"": ""Point""}";52.438655, -1.647762
England;2020-12-28;40035;2110171;3749.0;"{""coordinates"": [-1.647762, 52.438655], ""type"": ""Point""}";52.438655, -1.647762
England;2020-10-22;19610;741319;1317.0;"{""coordinates"": [-1.647762, 52.438655], ""type"": ""Point""}";52.438655, -1.647762
England;2020-10-14;16444;602778;1070.9;"{""coordinates"": [-1.647762, 52.438655], ""type"": ""Point""}";52.438655, -1.647762
England;2020-09-26;5651;386836;687.3;"{""coordinates"": [-1.647762, 52.438655], ""type"": ""Point""}";52.438655, -1.647762
England;2020-09-15;3039;332175;590.1;"{""coordinates"": [-1.647762, 52.438655], ""type"": ""Point""}";52.438655, -1.647762
England;2020-09-13;1708;326238;579.6;"{""coordinates"": [-1.647762, 52.438655], ""type"": ""Point""}";52.438655, -1.647762
England;2020-08-13;1020;274711;488.1;"{""coordinates"": [-1.647762, 52.438655], ""type"": ""Point""}";52.438655, -1.647762
England;2020-10-01;11304;431987;767.5;"{""coordinates"": [-1.647762, 52.438655], ""type"": ""Point""}";52.438655, -1.647762
England;2020-08-30;977;291746;518.3;"{""coordinates"": [-1.647762, 52.438655], ""type"": ""Point""}";52.438655, -1.647762
England;2020-07-09;680;249079;442.5;"{""coordinates"": [-1.647762, 52.438655], ""type"": ""Point""}";52.438655, -1.647762
England;2020-07-07;559;247725;440.1;"{""coordinates"": [-1.647762, 52.438655], ""type"": ""Point""}";52.438655, -1.647762
England;2020-06-02;1348;221078;392.8;"{""coordinates"": [-1.647762, 52.438655], ""type"": ""Point""}";52.438655, -1.647762
England;2020-04-28;4113;141460;251.3;"{""coordinates"": [-1.647762, 52.438655], ""type"": ""Point""}";52.438655, -1.647762
England;2020-07-03;543;245579;436.3;"{""coordinates"": [-1.647762, 52.438655], ""type"": ""Point""}";52.438655, -1.647762
England;2020-07-02;565;245036;435.3;"{""coordinates"": [-1.647762, 52.438655], ""type"": ""Point""}";52.438655, -1.647762
England;2020-06-30;573;243855;433.2;"{""coordinates"": [-1.647762, 52.438655], ""type"": ""Point""}";52.438655, -1.647762
England;2020-06-27;504;242205;430.3;"{""coordinates"": [-1.647762, 52.438655], ""type"": ""Point""}";52.438655, -1.647762
England;2020-05-19;2586;200155;355.6;"{""coordinates"": [-1.647762, 52.438655], ""type"": ""Point""}";52.438655, -1.647762
England;2020-03-13;393;1941;3.4;"{""coordinates"": [-1.647762, 52.438655], ""type"": ""Point""}";52.438655, -1.647762
England;2020-03-15;396;2652;4.7;"{""coordinates"": [-1.647762, 52.438655], ""type"": ""Point""}";52.438655, -1.647762
England;2020-02-20;0;9;;"{""coordinates"": [-1.647762, 52.438655], ""type"": ""Point""}";52.438655, -1.647762
England;2020-02-10;0;8;;"{""coordinates"": [-1.647762, 52.438655], ""type"": ""Point""}";52.438655, -1.647762
England;2020-02-01;0;2;;"{""coordinates"": [-1.647762, 52.438655], ""type"": ""Point""}";52.438655, -1.647762
England;2021-01-08;42337;2691756;4782.2;"{""coordinates"": [-1.647762, 52.438655], ""type"": ""Point""}";52.438655, -1.647762
England;2021-01-03;49508;2424143;4306.8;"{""coordinates"": [-1.647762, 52.438655], ""type"": ""Point""}";52.438655, -1.647762
England;2021-04-12;2404;3827244;6799.5;"{""coordinates"": [-1.647762, 52.438655], ""type"": ""Point""}";52.438655, -1.647762
England;2021-03-26;3615;3783415;6721.7;"{""coordinates"": [-1.647762, 52.438655], ""type"": ""Point""}";52.438655, -1.647762
England;2021-03-20;3365;3756265;6673.4;"{""coordinates"": [-1.647762, 52.438655], ""type"": ""Point""}";52.438655, -1.647762
England;2021-02-23;8140;3636251;6460.2;"{""coordinates"": [-1.647762, 52.438655], ""type"": ""Point""}";52.438655, -1.647762
England;2021-02-19;8882;3604573;6403.9;"{""coordinates"": [-1.647762, 52.438655], ""type"": ""Point""}";52.438655, -1.647762
England;2021-03-13;3449;3725633;6619.0;"{""coordinates"": [-1.647762, 52.438655], ""type"": ""Point""}";52.438655, -1.647762
England;2021-06-14;8674;4000831;7107.9;"{""coordinates"": [-1.647762, 52.438655], ""type"": ""Point""}";52.438655, -1.647762
England;2021-06-16;9148;4018841;7139.9;"{""coordinates"": [-1.647762, 52.438655], ""type"": ""Point""}";52.438655, -1.647762
England;2021-07-28;26227;5088341;8997.9;"{""coordinates"": [-1.647762, 52.438655], ""type"": ""Point""}";52.438655, -1.647762
England;2021-06-10;6522;3974675;7061.4;"{""coordinates"": [-1.647762, 52.438655], ""type"": ""Point""}";52.438655, -1.647762
England;2021-05-08;1204;3872043;6879.1;"{""coordinates"": [-1.647762, 52.438655], ""type"": ""Point""}";52.438655, -1.647762
England;2021-05-17;2235;3887521;6906.6;"{""coordinates"": [-1.647762, 52.438655], ""type"": ""Point""}";52.438655, -1.647762
England;2021-05-20;1910;3893769;6917.7;"{""coordinates"": [-1.647762, 52.438655], ""type"": ""Point""}";52.438655, -1.647762
England;2021-05-21;1786;3895553;6920.9;"{""coordinates"": [-1.647762, 52.438655], ""type"": ""Point""}";52.438655, -1.647762
England;2021-05-29;2381;3915442;6956.2;"{""coordinates"": [-1.647762, 52.438655], ""type"": ""Point""}";52.438655, -1.647762
England;2021-06-02;4896;3930264;6982.5;"{""coordinates"": [-1.647762, 52.438655], ""type"": ""Point""}";52.438655, -1.647762
England;2021-06-03;4951;3935217;6991.3;"{""coordinates"": [-1.647762, 52.438655], ""type"": ""Point""}";52.438655, -1.647762
England;2021-06-09;6697;3968145;7049.8;"{""coordinates"": [-1.647762, 52.438655], ""type"": ""Point""}";52.438655, -1.647762
England;2021-06-23;14378;4091509;7269.0;"{""coordinates"": [-1.647762, 52.438655], ""type"": ""Point""}";52.438655, -1.647762
England;2021-07-24;19779;4991711;8868.3;"{""coordinates"": [-1.647762, 52.438655], ""type"": ""Point""}";52.438655, -1.647762
England;2021-08-24;27425;5763608;10192.0;"{""coordinates"": [-1.647762, 52.438655], ""type"": ""Point""}";52.438655, -1.647762
England;2021-11-12;30515;8115158;14350.4;"{""coordinates"": [-1.647762, 52.438655], ""type"": ""Point""}";52.438655, -1.647762
England;2021-11-13;26754;8141962;14397.8;"{""coordinates"": [-1.647762, 52.438655], ""type"": ""Point""}";52.438655, -1.647762
England;2021-07-08;29164;4427507;7866.0;"{""coordinates"": [-1.647762, 52.438655], ""type"": ""Point""}";52.438655, -1.647762
England;2021-09-07;27301;6130583;10841.0;"{""coordinates"": [-1.647762, 52.438655], ""type"": ""Point""}";52.438655, -1.647762
England;2021-08-29;18658;5878621;10395.4;"{""coordinates"": [-1.647762, 52.438655], ""type"": ""Point""}";52.438655, -1.647762
England;2021-09-02;29886;5996717;10604.2;"{""coordinates"": [-1.647762, 52.438655], ""type"": ""Point""}";52.438655, -1.647762
England;2021-09-01;30842;5966822;10551.4;"{""coordinates"": [-1.647762, 52.438655], ""type"": ""Point""}";52.438655, -1.647762
England;2021-07-11;26884;4507874;8008.7;"{""coordinates"": [-1.647762, 52.438655], ""type"": ""Point""}";52.438655, -1.647762
England;2021-08-02;25840;5196577;9189.3;"{""coordinates"": [-1.647762, 52.438655], ""type"": ""Point""}";52.438655, -1.647762
England;2021-07-29;24677;5113025;9041.6;"{""coordinates"": [-1.647762, 52.438655], ""type"": ""Point""}";52.438655, -1.647762
England;2021-08-10;26864;5396475;9542.8;"{""coordinates"": [-1.647762, 52.438655], ""type"": ""Point""}";52.438655, -1.647762
England;2021-08-04;28116;5251172;9285.9;"{""coordinates"": [-1.647762, 52.438655], ""type"": ""Point""}";52.438655, -1.647762
England;2021-08-05;27429;5278614;9334.4;"{""coordinates"": [-1.647762, 52.438655], ""type"": ""Point""}";52.438655, -1.647762
England;2021-07-12;39550;4547468;8079.1;"{""coordinates"": [-1.647762, 52.438655], ""type"": ""Point""}";52.438655, -1.647762
England;2021-09-21;29885;6455355;11415.3;"{""coordinates"": [-1.647762, 52.438655], ""type"": ""Point""}";52.438655, -1.647762
England;2021-07-22;27021;4947962;8790.6;"{""coordinates"": [-1.647762, 52.438655], ""type"": ""Point""}";52.438655, -1.647762
England;2021-07-20;35045;4889969;8687.6;"{""coordinates"": [-1.647762, 52.438655], ""type"": ""Point""}";52.438655, -1.647762
England;2021-06-11;6332;3981015;7072.7;"{""coordinates"": [-1.647762, 52.438655], ""type"": ""Point""}";52.438655, -1.647762
England;2021-06-08;6415;3961431;7037.9;"{""coordinates"": [-1.647762, 52.438655], ""type"": ""Point""}";52.438655, -1.647762
England;2021-05-03;1887;3866587;6869.4;"{""coordinates"": [-1.647762, 52.438655], ""type"": ""Point""}";52.438655, -1.647762
England;2021-04-07;2633;3815986;6779.5;"{""coordinates"": [-1.647762, 52.438655], ""type"": ""Point""}";52.438655, -1.647762
England;2021-03-23;4333;3770253;6698.3;"{""coordinates"": [-1.647762, 52.438655], ""type"": ""Point""}";52.438655, -1.647762
England;2021-03-22;5139;3765920;6690.6;"{""coordinates"": [-1.647762, 52.438655], ""type"": ""Point""}";52.438655, -1.647762
England;2021-03-18;4522;3748766;6660.1;"{""coordinates"": [-1.647762, 52.438655], ""type"": ""Point""}";52.438655, -1.647762
England;2021-03-10;5003;3712889;6596.4;"{""coordinates"": [-1.647762, 52.438655], ""type"": ""Point""}";52.438655, -1.647762
England;2021-03-02;5679;3675445;6529.8;"{""coordinates"": [-1.647762, 52.438655], ""type"": ""Point""}";52.438655, -1.647762
England;2021-02-27;4103;3659920;6502.3;"{""coordinates"": [-1.647762, 52.438655], ""type"": ""Point""}";52.438655, -1.647762
England;2021-04-06;2583;3813353;6774.8;"{""coordinates"": [-1.647762, 52.438655], ""type"": ""Point""}";52.438655, -1.647762
England;2021-03-03;5094;3680539;6538.9;"{""coordinates"": [-1.647762, 52.438655], ""type"": ""Point""}";52.438655, -1.647762
England;2020-04-19;3473;105465;187.4;"{""coordinates"": [-1.647762, 52.438655], ""type"": ""Point""}";52.438655, -1.647762
England;2020-04-12;2942;78293;139.1;"{""coordinates"": [-1.647762, 52.438655], ""type"": ""Point""}";52.438655, -1.647762
England;2020-04-11;3063;75351;133.9;"{""coordinates"": [-1.647762, 52.438655], ""type"": ""Point""}";52.438655, -1.647762
England;2020-04-10;3577;72288;128.4;"{""coordinates"": [-1.647762, 52.438655], ""type"": ""Point""}";52.438655, -1.647762
England;2020-03-29;2438;25400;45.1;"{""coordinates"": [-1.647762, 52.438655], ""type"": ""Point""}";52.438655, -1.647762
England;2020-03-27;2651;20595;36.6;"{""coordinates"": [-1.647762, 52.438655], ""type"": ""Point""}";52.438655, -1.647762
England;2020-03-23;2012;11048;19.6;"{""coordinates"": [-1.647762, 52.438655], ""type"": ""Point""}";52.438655, -1.647762
England;2020-03-14;315;2256;4.0;"{""coordinates"": [-1.647762, 52.438655], ""type"": ""Point""}";52.438655, -1.647762
England;2020-03-10;227;781;1.4;"{""coordinates"": [-1.647762, 52.438655], ""type"": ""Point""}";52.438655, -1.647762
England;2020-11-14;16041;1200955;2133.6;"{""coordinates"": [-1.647762, 52.438655], ""type"": ""Point""}";52.438655, -1.647762
England;2020-11-21;10621;1318252;2342.0;"{""coordinates"": [-1.647762, 52.438655], ""type"": ""Point""}";52.438655, -1.647762
England;2020-10-29;19978;869560;1544.9;"{""coordinates"": [-1.647762, 52.438655], ""type"": ""Point""}";52.438655, -1.647762
England;2020-10-17;12350;644923;1145.8;"{""coordinates"": [-1.647762, 52.438655], ""type"": ""Point""}";52.438655, -1.647762
England;2020-10-08;15265;521886;927.2;"{""coordinates"": [-1.647762, 52.438655], ""type"": ""Point""}";52.438655, -1.647762
England;2020-10-04;9832;463099;822.7;"{""coordinates"": [-1.647762, 52.438655], ""type"": ""Point""}";52.438655, -1.647762
England;2020-09-28;8582;401441;713.2;"{""coordinates"": [-1.647762, 52.438655], ""type"": ""Point""}";52.438655, -1.647762
England;2020-09-22;5356;362973;644.9;"{""coordinates"": [-1.647762, 52.438655], ""type"": ""Point""}";52.438655, -1.647762
England;2020-09-10;3098;319466;567.6;"{""coordinates"": [-1.647762, 52.438655], ""type"": ""Point""}";52.438655, -1.647762
England;2020-12-09;17459;1555081;2762.8;"{""coordinates"": [-1.647762, 52.438655], ""type"": ""Point""}";52.438655, -1.647762
England;2020-11-26;12280;1384738;2460.1;"{""coordinates"": [-1.647762, 52.438655], ""type"": ""Point""}";52.438655, -1.647762
England;2021-01-14;38522;2936395;5216.8;"{""coordinates"": [-1.647762, 52.438655], ""type"": ""Point""}";52.438655, -1.647762
England;2021-02-22;9853;3628111;6445.7;"{""coordinates"": [-1.647762, 52.438655], ""type"": ""Point""}";52.438655, -1.647762
England;2021-02-20;6888;3611461;6416.2;"{""coordinates"": [-1.647762, 52.438655], ""type"": ""Point""}";52.438655, -1.647762
England;2021-02-18;9903;3595691;6388.1;"{""coordinates"": [-1.647762, 52.438655], ""type"": ""Point""}";52.438655, -1.647762
England;2021-01-20;31754;3135495;5570.6;"{""coordinates"": [-1.647762, 52.438655], ""type"": ""Point""}";52.438655, -1.647762
England;2021-02-26;5663;3655817;6495.0;"{""coordinates"": [-1.647762, 52.438655], ""type"": ""Point""}";52.438655, -1.647762
England;2021-02-15;12464;3564949;6333.5;"{""coordinates"": [-1.647762, 52.438655], ""type"": ""Point""}";52.438655, -1.647762
England;2020-05-23;1302;207857;369.3;"{""coordinates"": [-1.647762, 52.438655], ""type"": ""Point""}";52.438655, -1.647762
England;2020-06-11;911;229900;408.4;"{""coordinates"": [-1.647762, 52.438655], ""type"": ""Point""}";52.438655, -1.647762
England;2020-06-03;1238;222316;395.0;"{""coordinates"": [-1.647762, 52.438655], ""type"": ""Point""}";52.438655, -1.647762
England;2020-05-26;1451;211880;376.4;"{""coordinates"": [-1.647762, 52.438655], ""type"": ""Point""}";52.438655, -1.647762
England;2020-05-20;2340;202495;359.8;"{""coordinates"": [-1.647762, 52.438655], ""type"": ""Point""}";52.438655, -1.647762
England;2020-05-16;1769;193770;344.3;"{""coordinates"": [-1.647762, 52.438655], ""type"": ""Point""}";52.438655, -1.647762
England;2020-04-22;4799;117919;209.5;"{""coordinates"": [-1.647762, 52.438655], ""type"": ""Point""}";52.438655, -1.647762
England;2020-06-04;1145;223461;397.0;"{""coordinates"": [-1.647762, 52.438655], ""type"": ""Point""}";52.438655, -1.647762
England;2020-05-04;2841;162789;289.2;"{""coordinates"": [-1.647762, 52.438655], ""type"": ""Point""}";52.438655, -1.647762
England;2020-09-02;2619;297554;528.6;"{""coordinates"": [-1.647762, 52.438655], ""type"": ""Point""}";52.438655, -1.647762
England;2020-09-03;2664;300218;533.4;"{""coordinates"": [-1.647762, 52.438655], ""type"": ""Point""}";52.438655, -1.647762
England;2020-08-21;1006;282280;501.5;"{""coordinates"": [-1.647762, 52.438655], ""type"": ""Point""}";52.438655, -1.647762
England;2020-07-10;523;249602;443.4;"{""coordinates"": [-1.647762, 52.438655], ""type"": ""Point""}";52.438655, -1.647762
England;2020-08-18;925;278984;495.6;"{""coordinates"": [-1.647762, 52.438655], ""type"": ""Point""}";52.438655, -1.647762
England;2020-07-27;808;259960;461.8;"{""coordinates"": [-1.647762, 52.438655], ""type"": ""Point""}";52.438655, -1.647762
England;2020-07-21;689;255947;454.7;"{""coordinates"": [-1.647762, 52.438655], ""type"": ""Point""}";52.438655, -1.647762
England;2020-07-16;640;253077;449.6;"{""coordinates"": [-1.647762, 52.438655], ""type"": ""Point""}";52.438655, -1.647762
England;2020-06-23;729;239694;425.8;"{""coordinates"": [-1.647762, 52.438655], ""type"": ""Point""}";52.438655, -1.647762
England;2020-03-09;125;554;1.0;"{""coordinates"": [-1.647762, 52.438655], ""type"": ""Point""}";52.438655, -1.647762
England;2020-03-01;20;65;0.1;"{""coordinates"": [-1.647762, 52.438655], ""type"": ""Point""}";52.438655, -1.647762
England;2020-02-28;11;40;0.1;"{""coordinates"": [-1.647762, 52.438655], ""type"": ""Point""}";52.438655, -1.647762
England;2020-02-18;0;9;;"{""coordinates"": [-1.647762, 52.438655], ""type"": ""Point""}";52.438655, -1.647762
England;2020-02-12;0;9;;"{""coordinates"": [-1.647762, 52.438655], ""type"": ""Point""}";52.438655, -1.647762
England;2020-02-11;1;9;;"{""coordinates"": [-1.647762, 52.438655], ""type"": ""Point""}";52.438655, -1.647762
England;2020-02-05;1;3;;"{""coordinates"": [-1.647762, 52.438655], ""type"": ""Point""}";52.438655, -1.647762
England;2021-04-24;1247;3850332;6840.5;"{""coordinates"": [-1.647762, 52.438655], ""type"": ""Point""}";52.438655, -1.647762
England;2021-05-13;1652;3881036;6895.1;"{""coordinates"": [-1.647762, 52.438655], ""type"": ""Point""}";52.438655, -1.647762
England;2021-06-15;8851;4009693;7123.7;"{""coordinates"": [-1.647762, 52.438655], ""type"": ""Point""}";52.438655, -1.647762
England;2021-06-18;8493;4036532;7171.3;"{""coordinates"": [-1.647762, 52.438655], ""type"": ""Point""}";52.438655, -1.647762
England;2021-10-12;39998;7074773;12510.6;"{""coordinates"": [-1.647762, 52.438655], ""type"": ""Point""}";52.438655, -1.647762
England;2021-10-21;37733;7429402;13137.7;"{""coordinates"": [-1.647762, 52.438655], ""type"": ""Point""}";52.438655, -1.647762
England;2021-10-17;36725;7256604;12832.2;"{""coordinates"": [-1.647762, 52.438655], ""type"": ""Point""}";52.438655, -1.647762
England;2021-11-06;21986;7923085;14010.7;"{""coordinates"": [-1.647762, 52.438655], ""type"": ""Point""}";52.438655, -1.647762
England;2021-10-22;33750;7463166;13197.4;"{""coordinates"": [-1.647762, 52.438655], ""type"": ""Point""}";52.438655, -1.647762
England;2021-10-31;28796;7755325;13714.1;"{""coordinates"": [-1.647762, 52.438655], ""type"": ""Point""}";52.438655, -1.647762
England;2021-10-24;29451;7521906;13301.3;"{""coordinates"": [-1.647762, 52.438655], ""type"": ""Point""}";52.438655, -1.647762
England;2021-08-18;30587;5608980;9918.6;"{""coordinates"": [-1.647762, 52.438655], ""type"": ""Point""}";52.438655, -1.647762
England;2021-10-29;33181;7698679;13613.9;"{""coordinates"": [-1.647762, 52.438655], ""type"": ""Point""}";52.438655, -1.647762
England;2021-09-04;22878;6047659;10694.3;"{""coordinates"": [-1.647762, 52.438655], ""type"": ""Point""}";52.438655, -1.647762
England;2021-09-08;25022;6155605;10885.2;"{""coordinates"": [-1.647762, 52.438655], ""type"": ""Point""}";52.438655, -1.647762
England;2021-10-25;39081;7561077;13370.6;"{""coordinates"": [-1.647762, 52.438655], ""type"": ""Point""}";52.438655, -1.647762
England;2021-08-23;29526;5735638;10142.6;"{""coordinates"": [-1.647762, 52.438655], ""type"": ""Point""}";52.438655, -1.647762
England;2021-08-22;21874;5706112;10090.4;"{""coordinates"": [-1.647762, 52.438655], ""type"": ""Point""}";52.438655, -1.647762
England;2021-09-23;27690;6511680;11514.9;"{""coordinates"": [-1.647762, 52.438655], ""type"": ""Point""}";52.438655, -1.647762
England;2021-09-20;31393;6425470;11362.4;"{""coordinates"": [-1.647762, 52.438655], ""type"": ""Point""}";52.438655, -1.647762
England;2021-11-03;28368;7851150;13883.5;"{""coordinates"": [-1.647762, 52.438655], ""type"": ""Point""}";52.438655, -1.647762
England;2021-10-16;30967;7219727;12766.9;"{""coordinates"": [-1.647762, 52.438655], ""type"": ""Point""}";52.438655, -1.647762
England;2021-08-30;24308;5902978;10438.5;"{""coordinates"": [-1.647762, 52.438655], ""type"": ""Point""}";52.438655, -1.647762
England;2021-09-13;24567;6260489;11070.7;"{""coordinates"": [-1.647762, 52.438655], ""type"": ""Point""}";52.438655, -1.647762
England;2021-10-18;48139;7304743;12917.3;"{""coordinates"": [-1.647762, 52.438655], ""type"": ""Point""}";52.438655, -1.647762
England;2021-07-10;24868;4480925;7960.9;"{""coordinates"": [-1.647762, 52.438655], ""type"": ""Point""}";52.438655, -1.647762
England;2021-10-10;30876;6992491;12365.1;"{""coordinates"": [-1.647762, 52.438655], ""type"": ""Point""}";52.438655, -1.647762
England;2021-10-20;43062;7391669;13071.0;"{""coordinates"": [-1.647762, 52.438655], ""type"": ""Point""}";52.438655, -1.647762
England;2021-10-26;34472;7595556;13431.5;"{""coordinates"": [-1.647762, 52.438655], ""type"": ""Point""}";52.438655, -1.647762
England;2021-09-09;23878;6181237;10930.5;"{""coordinates"": [-1.647762, 52.438655], ""type"": ""Point""}";52.438655, -1.647762
England;2021-09-10;20464;6201718;10966.8;"{""coordinates"": [-1.647762, 52.438655], ""type"": ""Point""}";52.438655, -1.647762
England;2021-09-14;22084;6282597;11109.8;"{""coordinates"": [-1.647762, 52.438655], ""type"": ""Point""}";52.438655, -1.647762
England;2021-09-15;21913;6305648;11150.5;"{""coordinates"": [-1.647762, 52.438655], ""type"": ""Point""}";52.438655, -1.647762
England;2021-08-31;32773;5935969;10496.8;"{""coordinates"": [-1.647762, 52.438655], ""type"": ""Point""}";52.438655, -1.647762
England;2021-08-07;19448;5322305;9411.7;"{""coordinates"": [-1.647762, 52.438655], ""type"": ""Point""}";52.438655, -1.647762
England;2021-09-16;21706;6327370;11189.0;"{""coordinates"": [-1.647762, 52.438655], ""type"": ""Point""}";52.438655, -1.647762
England;2021-09-27;33835;6619627;11705.8;"{""coordinates"": [-1.647762, 52.438655], ""type"": ""Point""}";52.438655, -1.647762
England;2021-07-30;21510;5134553;9079.6;"{""coordinates"": [-1.647762, 52.438655], ""type"": ""Point""}";52.438655, -1.647762
England;2021-10-01;23595;6726897;11895.5;"{""coordinates"": [-1.647762, 52.438655], ""type"": ""Point""}";52.438655, -1.647762
England;2021-10-03;26572;6775064;11980.6;"{""coordinates"": [-1.647762, 52.438655], ""type"": ""Point""}";52.438655, -1.647762
England;2021-10-07;31518;6905798;12211.8;"{""coordinates"": [-1.647762, 52.438655], ""type"": ""Point""}";52.438655, -1.647762
England;2021-08-13;24355;5476191;9683.8;"{""coordinates"": [-1.647762, 52.438655], ""type"": ""Point""}";52.438655, -1.647762
England;2021-09-18;20475;6369779;11263.9;"{""coordinates"": [-1.647762, 52.438655], ""type"": ""Point""}";52.438655, -1.647762
England;2021-10-19;43586;7348388;12994.5;"{""coordinates"": [-1.647762, 52.438655], ""type"": ""Point""}";52.438655, -1.647762
England;2021-09-17;21876;6349240;11227.6;"{""coordinates"": [-1.647762, 52.438655], ""type"": ""Point""}";52.438655, -1.647762
England;2021-11-15;41460;8212599;14522.7;"{""coordinates"": [-1.647762, 52.438655], ""type"": ""Point""}";52.438655, -1.647762
England;2021-11-28;33015;8667931;15327.9;"{""coordinates"": [-1.647762, 52.438655], ""type"": ""Point""}";52.438655, -1.647762
England;2021-10-11;42203;7034775;12439.9;"{""coordinates"": [-1.647762, 52.438655], ""type"": ""Point""}";52.438655, -1.647762
England;2021-11-11;32877;8084634;14296.4;"{""coordinates"": [-1.647762, 52.438655], ""type"": ""Point""}";52.438655, -1.647762
England;2021-10-28;34229;7665498;13555.2;"{""coordinates"": [-1.647762, 52.438655], ""type"": ""Point""}";52.438655, -1.647762
England;2021-11-23;40010;8498831;15028.8;"{""coordinates"": [-1.647762, 52.438655], ""type"": ""Point""}";52.438655, -1.647762
England;2021-11-09;33799;8017117;14177.0;"{""coordinates"": [-1.647762, 52.438655], ""type"": ""Point""}";52.438655, -1.647762
England;2021-11-14;28861;8170934;14449.0;"{""coordinates"": [-1.647762, 52.438655], ""type"": ""Point""}";52.438655, -1.647762
England;2021-10-15;35832;7188760;12712.2;"{""coordinates"": [-1.647762, 52.438655], ""type"": ""Point""}";52.438655, -1.647762
England;2021-11-16;37606;8250617;14589.9;"{""coordinates"": [-1.647762, 52.438655], ""type"": ""Point""}";52.438655, -1.647762
England;2021-07-23;23905;4971864;8833.1;"{""coordinates"": [-1.647762, 52.438655], ""type"": ""Point""}";52.438655, -1.647762
England;2021-07-16;50027;4745427;8430.8;"{""coordinates"": [-1.647762, 52.438655], ""type"": ""Point""}";52.438655, -1.647762
England;2021-07-31;17944;5152532;9111.4;"{""coordinates"": [-1.647762, 52.438655], ""type"": ""Point""}";52.438655, -1.647762
England;2021-11-18;36181;8324213;14720.1;"{""coordinates"": [-1.647762, 52.438655], ""type"": ""Point""}";52.438655, -1.647762
England;2021-08-01;18123;5170729;9143.6;"{""coordinates"": [-1.647762, 52.438655], ""type"": ""Point""}";52.438655, -1.647762
England;2021-11-29;46556;8714549;15410.3;"{""coordinates"": [-1.647762, 52.438655], ""type"": ""Point""}";52.438655, -1.647762
England;2021-07-04;21279;4304411;7647.3;"{""coordinates"": [-1.647762, 52.438655], ""type"": ""Point""}";52.438655, -1.647762
England;2021-11-30;46388;8761055;15492.5;"{""coordinates"": [-1.647762, 52.438655], ""type"": ""Point""}";52.438655, -1.647762
England;2021-10-13;39697;7114520;12580.9;"{""coordinates"": [-1.647762, 52.438655], ""type"": ""Point""}";52.438655, -1.647762
England;2021-09-24;25172;6536904;11559.5;"{""coordinates"": [-1.647762, 52.438655], ""type"": ""Point""}";52.438655, -1.647762
England;2021-10-23;29137;7492339;13249.0;"{""coordinates"": [-1.647762, 52.438655], ""type"": ""Point""}";52.438655, -1.647762
England;2021-10-27;35629;7631258;13494.7;"{""coordinates"": [-1.647762, 52.438655], ""type"": ""Point""}";52.438655, -1.647762
England;2021-11-02;30353;7822726;13833.3;"{""coordinates"": [-1.647762, 52.438655], ""type"": ""Point""}";52.438655, -1.647762
England;2021-08-03;26335;5223046;9236.1;"{""coordinates"": [-1.647762, 52.438655], ""type"": ""Point""}";52.438655, -1.647762
England;2021-11-05;23766;7900963;13971.6;"{""coordinates"": [-1.647762, 52.438655], ""type"": ""Point""}";52.438655, -1.647762
England;2021-11-08;35218;7983242;14117.1;"{""coordinates"": [-1.647762, 52.438655], ""type"": ""Point""}";52.438655, -1.647762
England;2021-11-19;32410;8356627;14777.4;"{""coordinates"": [-1.647762, 52.438655], ""type"": ""Point""}";52.438655, -1.647762
England;2021-11-21;30982;8416821;14883.8;"{""coordinates"": [-1.647762, 52.438655], ""type"": ""Point""}";52.438655, -1.647762
England;2021-10-09;26546;6961585;12310.5;"{""coordinates"": [-1.647762, 52.438655], ""type"": ""Point""}";52.438655, -1.647762
England;2021-08-17;30208;5578384;9864.5;"{""coordinates"": [-1.647762, 52.438655], ""type"": ""Point""}";52.438655, -1.647762
England;2021-10-30;27597;7726403;13662.9;"{""coordinates"": [-1.647762, 52.438655], ""type"": ""Point""}";52.438655, -1.647762
England;2021-08-21;22039;5684267;10051.7;"{""coordinates"": [-1.647762, 52.438655], ""type"": ""Point""}";52.438655, -1.647762
England;2021-08-11;28376;5424902;9593.1;"{""coordinates"": [-1.647762, 52.438655], ""type"": ""Point""}";52.438655, -1.647762
England;2021-08-09;27540;5369585;9495.3;"{""coordinates"": [-1.647762, 52.438655], ""type"": ""Point""}";52.438655, -1.647762
England;2021-08-08;19615;5341939;9446.4;"{""coordinates"": [-1.647762, 52.438655], ""type"": ""Point""}";52.438655, -1.647762
England;2021-08-12;26926;5451847;9640.7;"{""coordinates"": [-1.647762, 52.438655], ""type"": ""Point""}";52.438655, -1.647762
England;2021-09-22;28148;6483996;11465.9;"{""coordinates"": [-1.647762, 52.438655], ""type"": ""Point""}";52.438655, -1.647762
England;2021-09-29;28035;6676590;11806.5;"{""coordinates"": [-1.647762, 52.438655], ""type"": ""Point""}";52.438655, -1.647762
England;2021-09-28;28928;6648555;11756.9;"{""coordinates"": [-1.647762, 52.438655], ""type"": ""Point""}";52.438655, -1.647762
